name,address,state,activity_type,installed_capacity_mta,status,source
Green Waves Environmental Solution,"Sy. No. 43/1, Mindi (V), Gajuwaka (M), Visakhapatnam District",Andhra Pradesh,E-waste recycler/dismantler,480,Authorized,CPCB-affiliated national authorization list (ndmc.gov.in)
Apna Bhoomi E-Waste Management Services,"Sy. No. 119, Near Bharat Junction, Kusalapuram (V), Etcherla (M), Srikakulam District - 532005",Andhra Pradesh,E-waste recycler/dismantler,300,Authorized,CPCB-affiliated national authorization list (ndmc.gov.in)
Veera Waste Management Systems,"Plot No. 42, Block-D Extension, IDA, Autonagar Visakhapatnam District - 530012",Andhra Pradesh,E-waste recycler/dismantler,5820,Authorized,CPCB-affiliated national authorization list (ndmc.gov.in)
Binbag Recycling Services Pvt. Ltd,Anantapur District,Andhra Pradesh,E-waste recycler/dismantler,300,Authorized,CPCB-affiliated national authorization list (ndmc.gov.in)
Clean Earth Green Earth Solutions,Krishna District,Andhra Pradesh,E-waste recycler/dismantler,22.5,Authorized,CPCB-affiliated national authorization list (ndmc.gov.in)
E-Parisaraa Pvt. Ltd,"Plot No. 42A/4, Sy. No. 285 Part And Sy. No. 288 (P), Gollapuam (V), Hindupuram (M), Anantapuramu District",Andhra Pradesh,E-waste recycler/dismantler,300,Authorized,CPCB-affiliated national authorization list (ndmc.gov.in)
World Scrap Recycling Solutions (P) Ltd,"Plot No 50, Chittor District",Andhra Pradesh,E-waste recycler/dismantler,6900,Authorized,CPCB-affiliated national authorization list (ndmc.gov.in)
World Scrap Recycling Solutions Pvt Ltd,"Shed No 10 11 12, Chittor District",Andhra Pradesh,E-waste recycler/dismantler,18000,Authorized,CPCB-affiliated national authorization list (ndmc.gov.in)
Sungeel India Recycling Pvt. Ltd.,"Plot No. 59C & 59D, APIIC Industrial Park, Gollapuram (V), Hindupur (M), Anantapur District - 515211",Andhra Pradesh,E-waste recycler/dismantler,10380,Authorized,CPCB-affiliated national authorization list (ndmc.gov.in)
Ramky ARM Recycling Pvt. Ltd.,"Plot No. 84/A & B, Road No. 20/5, JNPC, Parawada, Visakhapatnam District - 531019",Andhra Pradesh,E-waste recycler/dismantler,1500,Authorized,CPCB-affiliated national authorization list (ndmc.gov.in)
United Global Trust,"F-5, Zoo Road, Senduri Ali Path, Guwahati, Dist. Kamrup (M), Assam",Assam,E-waste recycler/dismantler,120,Authorized,CPCB-affiliated national authorization list (ndmc.gov.in)
ADV Metal Combine Pvt. Ltd.,"Shed No. 25, Borai Industrial Growth Center, Rasmada, Dist. Durg (C.G)",Chhattisgarh,E-waste recycler/dismantler,750,Authorized,CPCB-affiliated national authorization list (ndmc.gov.in)
Star E-Processors,"Village-Baktara, P.O. Godi, Tehsil-Arung, District-Raipur, Chhattisgarh",Chhattisgarh,E-waste recycler/dismantler,6000,Authorized,CPCB-affiliated national authorization list (ndmc.gov.in)
Fozia Traders,"Khasra No.13/1, Saboli Mandoli Industrial Area, Delhi-110093",Delhi,E-waste recycler/dismantler,90,Authorized,CPCB-affiliated national authorization list (ndmc.gov.in)
Muskan Technologies,"B-96, Okhla Industrial Area, Phase-1, Delhi-110020",Delhi,E-waste recycler/dismantler,600,Authorized,CPCB-affiliated national authorization list (ndmc.gov.in)
Shivnath Computers,"E-47/2, 1st Floor, Okhla Phase-2, Delhi-110019",Delhi,E-waste recycler/dismantler,450,Authorized,CPCB-affiliated national authorization list (ndmc.gov.in)
Techchef E-Waste Solutions Private Limited,"C-61, Top Floor, DDA Shed Okhla Industrial Area, Delhi-110020",Delhi,E-waste recycler/dismantler,99,Authorized,CPCB-affiliated national authorization list (ndmc.gov.in)
Greenscape Eco Management Private Ltd.,"348, Patparganj Industrial Area, Delhi-110020",Delhi,E-waste recycler/dismantler,450,Authorized,CPCB-affiliated national authorization list (ndmc.gov.in)
Shree Raman E-Waste,"Plot No. 7, Khasra No. 487, Peeragarhi Industrial Area, Peeragarhi Village, Delhi -110087",Delhi,E-waste recycler/dismantler,300,Authorized,CPCB-affiliated national authorization list (ndmc.gov.in)
E-coli Waste Management P. Ltd,"Plot No. 90 TO 92 Sabar Industrial Park Pvt. Ltd, Vill-Asal, Ta-Bhiloda, Dist-Sabar kantha",Gujarat,E-waste recycler/dismantler,7227,Authorized,CPCB-affiliated national authorization list (ndmc.gov.in)
Mangalam ECS Environment Ltd,"ECS House, 11-12 Garden View, Opp. Auda Garden, Sindhu Bhawan road, Off SG Highway-Pakwan Circle, Bodakdev, Ahmedabad 380054",Gujarat,E-waste recycler/dismantler,4999.92,Authorized,CPCB-affiliated national authorization list (ndmc.gov.in)
Pruthavi E-Recycle Pvt. Ltd.,Plot No. 31/32 Golden Industries Area Near Rolex Industries Vill-Kothariya Rajkot -360002,Gujarat,E-waste recycler/dismantler,3000,Authorized,CPCB-affiliated national authorization list (ndmc.gov.in)
E-Process House,"Plot No. 136/F-1, 2nd Phase, GIDC, Dist Valsad VAPI 396195",Gujarat,E-waste recycler/dismantler,277,Authorized,CPCB-affiliated national authorization list (ndmc.gov.in)
Earth E-Waste Management Pvt. Ltd.,"Block No. 63, Sagun Ind. Estate, Type-A Paiky 11-A, Plot No. 1 to 5 & 10-D, Plot No. 1 to 5, Vill-Altodara, Tal. Opad, Dist. Surat - 394130",Gujarat,E-waste recycler/dismantler,6000,Authorized,CPCB-affiliated national authorization list (ndmc.gov.in)
Recotech E-Waste Management,"Plot No. 36-37, Aashirwad Industrial Estate, Udhana-Sachin Road, GIDC Naka, Sachine, Surat",Gujarat,E-waste recycler/dismantler,307,Authorized,CPCB-affiliated national authorization list (ndmc.gov.in)
E-Front Line Recyclling Pvt. Ltd.,"Shed No. C1B-905/9, GIDC, Panoli, Tal: Ankleshwar, Distt: Bharuch, Gujarat- 394116",Gujarat,E-waste recycler/dismantler,2700,Authorized,CPCB-affiliated national authorization list (ndmc.gov.in)
Dron E-Waste Solution,"Plot No. 56, G.I.D.C., Gozariya, Tal & Distt: Mehsana, Gujarat- 382825",Gujarat,E-waste recycler/dismantler,975,Authorized,CPCB-affiliated national authorization list (ndmc.gov.in)
Eximo Recycling Pvt. Ltd.,"Plot No. 5/3, Raj Industrial Estate, Tal: Savli, Vadodara",Gujarat,E-waste recycler/dismantler,900,Authorized,CPCB-affiliated national authorization list (ndmc.gov.in)
Galaxy Recycling,"Sr. No. 36/P1, P2, 37/P2, 38/P2, Plot No. 52 &53, Near Tirth Agro. Pvt. Ltd., At: Bharudi, Tal: Gondal, Rajkot",Gujarat,E-waste recycler/dismantler,521,Authorized,CPCB-affiliated national authorization list (ndmc.gov.in)
Basant Clean Enviro Ltd.,"Plot No. 67, G.I.D.C., Kadi, Distt: Mehsana, Gujarat- 382715",Gujarat,E-waste recycler/dismantler,5400,Authorized,CPCB-affiliated national authorization list (ndmc.gov.in)
Eco Green Recycling,"Plot No. 4, Near Dynamic Textile, Ozar Road, Mota Ponda, Kapaada, Distt: Valsad, Gujarat",Gujarat,E-waste recycler/dismantler,500,Authorized,CPCB-affiliated national authorization list (ndmc.gov.in)
Unicare E-Waste Recycler,"Plot No. 9/1, Raj Industrial Park-III, Jarod-Savali Road, Karachiya, Tal: Savli, Distt: Vadodara- 391520",Gujarat,E-waste recycler/dismantler,1500,Authorized,CPCB-affiliated national authorization list (ndmc.gov.in)
Surbine Recycling (P) Ltd.,"Plot No. 765, GIDC Phase-II, Dared- 361004, Distt: Jamnagar",Gujarat,E-waste recycler/dismantler,1500,Authorized,CPCB-affiliated national authorization list (ndmc.gov.in)
Greentech Recycling,"Plot No. 5&6, Maharaja Estate, B/H: Ananad hotel, Sarkhej-sanand Road, Ahmedabad",Gujarat,E-waste recycler/dismantler,702,Authorized,CPCB-affiliated national authorization list (ndmc.gov.in)
Dinesh Appliances,"Plot No: 10, R. K. Ind Estate, Rakhiyal, Ahmedabad",Gujarat,E-waste recycler/dismantler,360,Authorized,CPCB-affiliated national authorization list (ndmc.gov.in)
Mahammad Salim & Brothers,"Near Umiya Weigh Bridge, GIDC-Sachin, Tal: Chorasi, Dist: Sachin-394230",Gujarat,E-waste recycler/dismantler,600,Authorized,CPCB-affiliated national authorization list (ndmc.gov.in)
Electro Waste Solutions,"Plot no: 631, GIDC-Halol, Dist: Panchmahal",Gujarat,E-waste recycler/dismantler,480,Authorized,CPCB-affiliated national authorization list (ndmc.gov.in)
Felix Industries Pvt Ltd,"Plot No:123, Devraj Industrial Park, 200 ft Ring Road, Piplaj-Pirana Road, Piplaj- 382405, Dist: Ahmedabad",Gujarat,E-waste recycler/dismantler,375,Authorized,CPCB-affiliated national authorization list (ndmc.gov.in)
Ecotime Industries,"Plot No: 98 & 99, Sparkle Industrial Estate, Tal: Jalalpor, Dist: Navsari - 396436",Gujarat,E-waste recycler/dismantler,144,Authorized,CPCB-affiliated national authorization list (ndmc.gov.in)
Sharda Copper,"Plot No: SME-06, Bardoli-2, (Miyawadi) Industrial Estate, Bardoli, Surat-394601",Gujarat,E-waste recycler/dismantler,300,Authorized,CPCB-affiliated national authorization list (ndmc.gov.in)
Bharuch Enviro Infrastructure Ltd (Beil),"Plot no: 9701-16, 9801-28, 9901-28, 9601-04, 10001-10008, G-7 & 8, 7924-27, 9401-9412, 9501-9506, 7905 E to H, GIDC, Ankleshwar-393002, Ta: Ankleshwar, Dist: Bharuch",Gujarat,E-waste recycler/dismantler,700,Authorized,CPCB-affiliated national authorization list (ndmc.gov.in)
Star Recycling,"Survey no: 44 P1P1 44P1P2 & 46, Plot no: 45, R K Industrial Zone-09, Kuwadva-Wankaner Road, Ranpur-360023, Tal & Dist: Rajkot",Gujarat,E-waste recycler/dismantler,629,Authorized,CPCB-affiliated national authorization list (ndmc.gov.in)
R Planet Integrated Solution Pvt. Ltd,"Plot no: 201, 202 (old block no. 264,265 paiki 1), Village: Zak-382330, Tal: Dahegam, Dist: Gandhinagar",Gujarat,E-waste recycler/dismantler,11450,Authorized,CPCB-affiliated national authorization list (ndmc.gov.in)
Payas Recyclers,"Survey No.2139, Plot No.28, Parshwa Industrial Park, B/H. Sandvik Asia, Ahmedabad-Mehsana Highway, Rajpur-382740, Tal:Kadi, Dist: Mehsana",Gujarat,E-waste recycler/dismantler,1158,Authorized,CPCB-affiliated national authorization list (ndmc.gov.in)
ID Technocom,"Plot No.C1-414/P, GIDC Estate Mansa, Visnagar Road, Vill-Mansa, Mansa 382845, Dist: Gandhinagar",Gujarat,E-waste recycler/dismantler,240,Authorized,CPCB-affiliated national authorization list (ndmc.gov.in)
Unity E-Recycling Co,"Sr. No: 310/p, Plot No: 4, Danilimda, Ahmedabad-380028",Gujarat,E-waste recycler/dismantler,383,Authorized,CPCB-affiliated national authorization list (ndmc.gov.in)
Mahaarana Industries Pvt. Ltd.,"Survey No. 466 & 475, Village: Timba, Ta: Daskroi, Dist: Ahmedabad",Gujarat,E-waste recycler/dismantler,16585,Authorized,CPCB-affiliated national authorization list (ndmc.gov.in)
GL Recycling LLP,"Survey No. 108, Village: Soliya, Ta.: Kotda Sangani, Dist.: Rajkot-360030",Gujarat,E-waste recycler/dismantler,14500,Authorized,CPCB-affiliated national authorization list (ndmc.gov.in)
Electro Alloys Recycling And Transformation HUB,"Plot No. 301/13, GIDC Palej-392220, Bharuch",Gujarat,E-waste recycler/dismantler,780,Authorized,CPCB-affiliated national authorization list (ndmc.gov.in)
Reart Recycling Private Limited,"Plot No.365, Survey No.111p1, Golden Green Industrial Park (phase-D), Khambha-360311, Tal:Lodhika, Dist:Rajkot",Gujarat,E-waste recycler/dismantler,300,Authorized,CPCB-affiliated national authorization list (ndmc.gov.in)
Tvarita Phones Pvt. Ltd.,"Plot No.171, Survey No. 846, N. H. 8, Vapi, Valsad-396191",Gujarat,E-waste recycler/dismantler,600,Authorized,CPCB-affiliated national authorization list (ndmc.gov.in)
Kalpana E-Recyclers,"Plot No. 2486, Madhuban Industrial Park, Village: Kuha, Ta: Daskroi, Dist: Ahmedabad",Gujarat,E-waste recycler/dismantler,876,Authorized,CPCB-affiliated national authorization list (ndmc.gov.in)
Enviro Green Recycling,"Survey/Block No. 736/737, Village: Tarsadi., Ta: Mangrol, Dist: Surat -394125",Gujarat,E-waste recycler/dismantler,12775,Authorized,CPCB-affiliated national authorization list (ndmc.gov.in)
Liberty Recycling,"Survey No.1439, Old Survey No.256/1/5, Near Balda Industrial Park, Village: Balda, Tal: Pardi, Dist: Valsad",Gujarat,E-waste recycler/dismantler,893,Authorized,CPCB-affiliated national authorization list (ndmc.gov.in)
Green Earth Management Company,"Plot No. 13, Supreme-3 Industrial Park, Near Vibrant weighbridge, Zak-Kadadara Road, Vill.: Kadadara, Tal-Dahegam, Gandhinagar",Gujarat,E-waste recycler/dismantler,893,Authorized,CPCB-affiliated national authorization list (ndmc.gov.in)
Gujarat Green Recycling,"Plot No. MSME-500, Sanand-II, Engineering Industrial Estate, GIDC Sanand-II, Dist:Ahmedabad",Gujarat,E-waste recycler/dismantler,375,Authorized,CPCB-affiliated national authorization list (ndmc.gov.in)
New India Sales Corporation,"Plot No. C1B-1915, GIDC Panoli, Dist: Ankleshwar-394116",Gujarat,E-waste recycler/dismantler,300,Authorized,CPCB-affiliated national authorization list (ndmc.gov.in)
Technogreen Recycling Private Limited,"Survey No.367-377, Village-Modasar, Tal-Sanand, Distt.Ahmedabad-382481",Gujarat,E-waste recycler/dismantler,14400,Authorized,CPCB-affiliated national authorization list (ndmc.gov.in)
Evergreen E Waste Management Pvt. Ltd.,"Plot No.: 30, 31, Kamla Amrut Industrial Park, At: Budasan kadi, Taluka & Dist.: Mehsana - 382715",Gujarat,E-waste recycler/dismantler,12000,Authorized,CPCB-affiliated national authorization list (ndmc.gov.in)
Egnus Ewaste Solution Private Limited,"Plot No.31, Village: Motwan, Tal: Ankleshwar, Dist.: Bharuch- 393020",Gujarat,E-waste recycler/dismantler,30000,Authorized,CPCB-affiliated national authorization list (ndmc.gov.in)
Global E Waste Management Systems,"Shop No 729/s-1 to 729/s-5, Sonum Township Nessai Salcete - Goa",Goa,E-waste recycler/dismantler,103,Authorized,CPCB-affiliated national authorization list (ndmc.gov.in)
Group Ten Plus,"H. No. 8/5, Abreovaddo, Saligao, Bardez, Goa",Goa,E-waste recycler/dismantler,50,Authorized,CPCB-affiliated national authorization list (ndmc.gov.in)
Honey Disposal Store,"Plot No. 67-68 Jarrout Road, Village Mandour Industrial Area Ambala city",Haryana,E-waste recycler/dismantler,300,Authorized,CPCB-affiliated national authorization list (ndmc.gov.in)
Thapar Disposal Industries,"902A/5/6, Chara Mandi Road, Ambala City",Haryana,E-waste recycler/dismantler,1825,Authorized,CPCB-affiliated national authorization list (ndmc.gov.in)
Mittal Battery,"Plot No. 349, Indl-Area, Ph-1, Panchkula",Haryana,E-waste recycler/dismantler,3600,Authorized,CPCB-affiliated national authorization list (ndmc.gov.in)
Exigo Recycling Pvt. Ltd.,"G. T. Road, Samalkha Panipat",Haryana,E-waste recycler/dismantler,6000,Authorized,CPCB-affiliated national authorization list (ndmc.gov.in)
Exigo Recycling (P) Ltd.,"Barsat Road, Panipat",Haryana,E-waste recycler/dismantler,18000,Authorized,CPCB-affiliated national authorization list (ndmc.gov.in)
Adinath Recyclotronix (P) Ltd.,"Plot No.#361, Industrial Estate, HSIIDC, Panipat",Haryana,E-waste recycler/dismantler,1080,Authorized,CPCB-affiliated national authorization list (ndmc.gov.in)
Earth Waste Management Pvt. Ltd.,"Vill-Ismaila, Distt. Rohtak",Haryana,E-waste recycler/dismantler,600,Authorized,CPCB-affiliated national authorization list (ndmc.gov.in)
Giriraj Metal,"P. No. 39 HSIIDC, IE, Kutana, Rohtak",Haryana,E-waste recycler/dismantler,300,Authorized,CPCB-affiliated national authorization list (ndmc.gov.in)
Green World International Pvt. Ltd.,GR 60-61 Ganpati Industrial Dham Industrial Area Bahadugarh Haryana,Haryana,E-waste recycler/dismantler,5000,Authorized,CPCB-affiliated national authorization list (ndmc.gov.in)
Renu Recycling Company,"Plot No. 1257, MIE-B, Bahadurgarh",Haryana,E-waste recycler/dismantler,1800,Authorized,CPCB-affiliated national authorization list (ndmc.gov.in)
AMN E-Waste Management Pvt Ltd.,"Plot No. 171, Sector-59, Industrial Area, Faridabad",Haryana,E-waste recycler/dismantler,290,Authorized,CPCB-affiliated national authorization list (ndmc.gov.in)
Endeavor Re-processor and Recyclers India,"Plot no. 323, Sec-24, Industrial Area, Faridabad",Haryana,E-waste recycler/dismantler,365,Authorized,CPCB-affiliated national authorization list (ndmc.gov.in)
E-waste Solutions,"Industrial Shed, 1A, Industrial Estate, Sec-6, Faridabad",Haryana,E-waste recycler/dismantler,1000,Authorized,CPCB-affiliated national authorization list (ndmc.gov.in)
V S Enterprises,"Plot no. 9, Pragati Vihar, Sector-59, Faridabad",Haryana,E-waste recycler/dismantler,300,Authorized,CPCB-affiliated national authorization list (ndmc.gov.in)
Dotline Informatics Pvt. Ltd.,"Plot No. 302, Ph-V, HSIIDC, Indl. Estate, Rai, Distt. Sonipat",Haryana,E-waste recycler/dismantler,350,Authorized,CPCB-affiliated national authorization list (ndmc.gov.in)
RBH E-Waste Recycle Hub Pvt. Ltd.,"Plot No. 130, HSIIDC, Rai, Distt. Sonipat",Haryana,E-waste recycler/dismantler,912.5,Authorized,CPCB-affiliated national authorization list (ndmc.gov.in)
Global Waste Solution,"Village Ram Nagar, Tehsil Ganaur, Distt. Sonipat",Haryana,E-waste recycler/dismantler,9490,Authorized,CPCB-affiliated national authorization list (ndmc.gov.in)
Global Waste Solution Unit-II,"Village Dhaturi Tehsil Ganaur, Distt. Sonipat",Haryana,E-waste recycler/dismantler,8249,Authorized,CPCB-affiliated national authorization list (ndmc.gov.in)
Tes Amm (India) Pvt. Ltd.,"Village Wazidpur Saboli, Distt. Sonepat",Haryana,E-waste recycler/dismantler,12000,Authorized,CPCB-affiliated national authorization list (ndmc.gov.in)
Bluenvir,"81, HSIIDC, Rai, Distt. Sonipat",Haryana,E-waste recycler/dismantler,435,Authorized,CPCB-affiliated national authorization list (ndmc.gov.in)
Earth Sense Recycle Pvt Ltd,"Plot No. 100, Sector-5, IMT Manesar, Gurgaon",Haryana,E-waste recycler/dismantler,2160,Authorized,CPCB-affiliated national authorization list (ndmc.gov.in)
Nirvana Recycling Pvt. Ltd.,"Plot No. D-6, Udyog Vihar, Phase-VI, Sector-37, Gurugram",Haryana,E-waste recycler/dismantler,6030,Authorized,CPCB-affiliated national authorization list (ndmc.gov.in)
Green Vortex Waste Management Pvt Ltd.,"Plot No 177, Sector 7, IMT Manesar",Haryana,E-waste recycler/dismantler,1500,Authorized,CPCB-affiliated national authorization list (ndmc.gov.in)
SMS Enterprises,"Plot No. 544-D, First Floor, Sector-37, Pace City-II, Gurgaon",Haryana,E-waste recycler/dismantler,360,Authorized,CPCB-affiliated national authorization list (ndmc.gov.in)
Apicem Recyclers Pvt. Ltd.,"Plot No. 359, Sector-8, IMT Manesar, Gurugram, Haryana",Haryana,E-waste recycler/dismantler,510,Authorized,CPCB-affiliated national authorization list (ndmc.gov.in)
KM Global E-Waste Private Limited,"Ground Floor Plot no.-359, Sector-8, IMT Manesar, Gurugram, Haryana",Haryana,E-waste recycler/dismantler,510,Authorized,CPCB-affiliated national authorization list (ndmc.gov.in)
3 R Recycler,"Plot No. 392, Sector-8, IMT Manesar Gurgaon",Haryana,E-waste recycler/dismantler,2994,Authorized,CPCB-affiliated national authorization list (ndmc.gov.in)
Deshwal Waste Management Pvt Ltd,"Plot No-292, Sec-7, IMT Manesar, Gurgaon, Haryana",Haryana,E-waste recycler/dismantler,11800,Authorized,CPCB-affiliated national authorization list (ndmc.gov.in)
Deshwal Waste Management Pvt Ltd (Unit-2),"Plot No. 116, Sec-8, IMT Manesar, Gurgaon, Haryana",Haryana,E-waste recycler/dismantler,4652.1,Authorized,CPCB-affiliated national authorization list (ndmc.gov.in)
Namo E-Waste Management Ltd.,"14/1, Mathura Road, Faridabad Haryana",Haryana,E-waste recycler/dismantler,5796,Authorized,CPCB-affiliated national authorization list (ndmc.gov.in)
E Waste Recyclers India,Shed no. 15 Roz Ka Meo Industrial Area Nuh,Haryana,E-waste recycler/dismantler,667,Authorized,CPCB-affiliated national authorization list (ndmc.gov.in)
Radhey Steel Traders,"Vill. Patvi Barara Road, Shahabad, Distt. Kurukshetra",Haryana,E-waste recycler/dismantler,600,Authorized,CPCB-affiliated national authorization list (ndmc.gov.in)
Pegasus Waste Management Pvt. Ltd.,"Village-Bhora Kalan, Gurugram",Haryana,E-waste recycler/dismantler,13134,Authorized,CPCB-affiliated national authorization list (ndmc.gov.in)
3 R Zero Waste Pvt. Ltd.,"Plot No.-62, Sector-8, IMT Manesar",Haryana,E-waste recycler/dismantler,500,Authorized,CPCB-affiliated national authorization list (ndmc.gov.in)
Ecoverva Waste Recycling Private Limited,"Plot No. 350 Block C Village Pathreri Ansal Pioneer Industrial Park, Distt. Gurgaon",Haryana,E-waste recycler/dismantler,353.07,Authorized,CPCB-affiliated national authorization list (ndmc.gov.in)
Naturevolt Recyclers India Pvt Ltd,"Plot No. 323, Part-IV, Sector-24, Faridabad",Haryana,E-waste recycler/dismantler,5400,Authorized,CPCB-affiliated national authorization list (ndmc.gov.in)
AV Green Solutions Pvt Ltd.,"Plot No. 274, Sector-24, Industrial Area, Faridabad",Haryana,E-waste recycler/dismantler,381,Authorized,CPCB-affiliated national authorization list (ndmc.gov.in)
Re Chakra Waste Management LLP,"Plot No.-18, Sector-6, Faridabad",Haryana,E-waste recycler/dismantler,8931,Authorized,CPCB-affiliated national authorization list (ndmc.gov.in)
CLG Projects LLP,Plot no 75-76 sector 59 pragati vihar Ballabgarh faridabad,Haryana,E-waste recycler/dismantler,450,Authorized,CPCB-affiliated national authorization list (ndmc.gov.in)
SSL E Waste Management LLP,"Plot No. 410, Sector-68, IMT, Faridabad",Haryana,E-waste recycler/dismantler,423,Authorized,CPCB-affiliated national authorization list (ndmc.gov.in)
Shunty Disposal Store,"Manmohan Nagar, G.T Road, Ambala city",Haryana,E-waste recycler/dismantler,900,Authorized,CPCB-affiliated national authorization list (ndmc.gov.in)
Green Wealth Solutions Pvt. Ltd.,"Plot No. 109, IE, Kutana, HSIIDC, Hissar Road, Rohtak",Haryana,E-waste recycler/dismantler,690,Authorized,CPCB-affiliated national authorization list (ndmc.gov.in)
Endeavor Recyclers India Private Limited,"71//14/2/2, 71//15/1, Village Hassangarh, Tehsil-Sampla, District-Rohtak, Haryana-124404",Haryana,E-waste recycler/dismantler,28350,Authorized,CPCB-affiliated national authorization list (ndmc.gov.in)
Shivalik Solid Waste Management Ltd. (Unit-II),"Village-Shabowal, Tehsil Nalagarh, District-Solan HP",Himachal Pradesh,E-waste recycler/dismantler,1000,Authorized,CPCB-affiliated national authorization list (ndmc.gov.in)
Ortech India Corporations,"Plot No. 67-B, Industrial Estate, Lodhi Majra, Baddi",Himachal Pradesh,E-waste recycler/dismantler,500,Authorized,CPCB-affiliated national authorization list (ndmc.gov.in)
VRG Groups,Gangyal,Jammu & Kashmir,E-waste recycler/dismantler,135,Authorized,CPCB-affiliated national authorization list (ndmc.gov.in)
Bashir Ahmad Babdemb,Srinagar,Jammu & Kashmir,E-waste recycler/dismantler,285,Authorized,CPCB-affiliated national authorization list (ndmc.gov.in)
Bashir Enterprises Noorbagh,Srinagar,Jammu & Kashmir,E-waste recycler/dismantler,285,Authorized,CPCB-affiliated national authorization list (ndmc.gov.in)
Meliorate Lubes Pvt Ltd,"Plot No. 606/A, Ward No. 4/34, Vikas Nagar, Hesal Piska More, Ranchi Jharkhand - 834005",Jharkhand,E-waste recycler/dismantler,300,Authorized,CPCB-affiliated national authorization list (ndmc.gov.in)
Simran Infotech,"Vill & P.O Kanak Chas, P.S. Chandan Kiari, Dist. Kokaro Jharkhand-828134",Jharkhand,E-waste recycler/dismantler,360,Authorized,CPCB-affiliated national authorization list (ndmc.gov.in)
Sriram Eco Raksha Computer Services Pvt. Ltd.,"No. B-29, KSSIDC Indl. Estate, Bommasandra, Hosur Road, Anekal Taluk, Bangalore - 560 099",Karnataka,E-waste recycler/dismantler,360,Authorized,"Official CPCB-affiliated national authorization list (user-uploaded PDF, as on 08-06-2023)"
E-Friendly Waste Recyclers,"First Floor, No. 17 1st, Cross, Azeez Sait Industrial Town, Nayandahalli, Bangalore-560039",Karnataka,E-waste recycler/dismantler,300,Authorized,"Official CPCB-affiliated national authorization list (user-uploaded PDF, as on 08-06-2023)"
Eco Globe E-Waste Recyclers,"Plot No. 87, 2nd Phase, 2nd Sector, Bidadi Industrial Area, Bidadi Hobli, Ramanagra Taluk and District",Karnataka,E-waste recycler/dismantler,1200,Authorized,"Official CPCB-affiliated national authorization list (user-uploaded PDF, as on 08-06-2023)"
E-Hasiru,"No. 168/B, 1st Floor, 7th Main Road, 3rd Phase, Peenya Industrial Area, Bangalore - 558",Karnataka,E-waste recycler/dismantler,300,Authorized,"Official CPCB-affiliated national authorization list (user-uploaded PDF, as on 08-06-2023)"
Green Enabled IT Solutions Pvt. Ltd.,"No. 2/1, 27th Cross, Behind Krishna Grand Hotel, Banashankari 2nd Stage, Bengaluru",Karnataka,E-waste recycler/dismantler,600,Authorized,"Official CPCB-affiliated national authorization list (user-uploaded PDF, as on 08-06-2023)"
Coral Waters,"No. 8E, KIADB Industrial Area, Hoskote Taluk, Banglaore Rural District",Karnataka,E-waste recycler/dismantler,720,Authorized,"Official CPCB-affiliated national authorization list (user-uploaded PDF, as on 08-06-2023)"
Royal Touch,"No. 3/2, 2nd Cross, Ezakiel Industrial Estate, K. G Halli, Nagawara Main Road, Banglaore",Karnataka,E-waste recycler/dismantler,360,Authorized,"Official CPCB-affiliated national authorization list (user-uploaded PDF, as on 08-06-2023)"
Pharmateck Consultancy,"Sy. No. 40/1, Mangammanapalya, Bommanahalli",Karnataka,E-waste recycler/dismantler,300,Authorized,"Official CPCB-affiliated national authorization list (user-uploaded PDF, as on 08-06-2023)"
Cerebra Integrated Technologies Ltd.,"Plot No. 41 to 46, Appasandra village, KIADB Indl. Area, Narasapura Hobli, kolar Taluk and District",Karnataka,E-waste recycler/dismantler,39000,Authorized,"Official CPCB-affiliated national authorization list (user-uploaded PDF, as on 08-06-2023)"
AGK Enterprises,"Unit-I, No 33/A, Industrial ""A"" Layout, Bannimantap, Mysore - 570015",Karnataka,E-waste recycler/dismantler,360,Authorized,"Official CPCB-affiliated national authorization list (user-uploaded PDF, as on 08-06-2023)"
Aptus Recycling Pvt. Ltd.,"Sy No. 241/4B, Magnur Village, Kirgavalu Hobli, Malavalli Taluk Mandya District- 571430",Karnataka,E-waste recycler/dismantler,300,Authorized,"Official CPCB-affiliated national authorization list (user-uploaded PDF, as on 08-06-2023)"
E-Parisara Pvt. Ltd.,"No. 30-P3, Dabaspet Bangalore",Karnataka,E-waste recycler/dismantler,9288,Authorized,"Official CPCB-affiliated national authorization list (user-uploaded PDF, as on 08-06-2023)"
Tech Logic,"Unit-2, Shed No. 36, 2nd Main, Ranganathapura, Bangalore - 560 044",Karnataka,E-waste recycler/dismantler,360,Authorized,"Official CPCB-affiliated national authorization list (user-uploaded PDF, as on 08-06-2023)"
E-Scrapy Recyclers,"No.106, Andrahalli Main Road, Byreshwara Industrial Area, Peenya 2nd stage, Bangalore - 560 058",Karnataka,E-waste recycler/dismantler,720,Authorized,"Official CPCB-affiliated national authorization list (user-uploaded PDF, as on 08-06-2023)"
KH E-Waste Recyclers,"No. 104, 1st Main Road, 4th Cross, Azeez Sait Industrial Area, Nayandahalli, Bangalore - 39",Karnataka,E-waste recycler/dismantler,360,Authorized,"Official CPCB-affiliated national authorization list (user-uploaded PDF, as on 08-06-2023)"
RPN Industries,"Plot No B2, KSSIDC Industrial Area, Kumbalgodu, Mysore Road, Bangalore-74",Karnataka,E-waste recycler/dismantler,312,Authorized,"Official CPCB-affiliated national authorization list (user-uploaded PDF, as on 08-06-2023)"
I Seven,"# 9/4, Kachohalli Industrial Estate Kachohalli, Near Saibaba Temple, Laxmipura Post, Bengaluru- 562123",Karnataka,E-waste recycler/dismantler,300,Authorized,"Official CPCB-affiliated national authorization list (user-uploaded PDF, as on 08-06-2023)"
Greenscape Eco Management Pvt. Ltd.,"Plot No. R-12, Veerasandra Indl Area, Anekal Tq, Bangalore Urban District - 100",Karnataka,E-waste recycler/dismantler,600,Authorized,"Official CPCB-affiliated national authorization list (user-uploaded PDF, as on 08-06-2023)"
Trishyirya Recycling India Pvt. Ltd.,"No. 315, 4th Phase, Peenya Industrial Estate, Bangalore - 560 058",Karnataka,E-waste recycler/dismantler,360,Authorized,"Official CPCB-affiliated national authorization list (user-uploaded PDF, as on 08-06-2023)"
E Pragathi Recycling,"Plot No. 66, Road No. 18, Anthaasanahalli Indl. Area, IInd Phase, Tumkur",Karnataka,E-waste recycler/dismantler,3600,Authorized,"Official CPCB-affiliated national authorization list (user-uploaded PDF, as on 08-06-2023)"
Ingram Micro India Pvt. Ltd.,"I Floor, Plot No. 1-4, Sy No. 5/2, 15th Km, Singasandra Post, Baretena Agrahara, NH-7, Hosur Main Road, Bangalore- 560100",Karnataka,E-waste recycler/dismantler,300,Authorized,"Official CPCB-affiliated national authorization list (user-uploaded PDF, as on 08-06-2023)"
Vans Chemistry,"Plot No. 94/5, Shed NO. 13R14, SRRLayout, Kannalli Village, Bangalore-560094",Karnataka,E-waste recycler/dismantler,1440,Authorized,"Official CPCB-affiliated national authorization list (user-uploaded PDF, as on 08-06-2023)"
Moogambigai Metal Refineries,"Unit (3), Plot No. 174, Industrial Area, Baikampady Mangalore- 575011",Karnataka,E-waste recycler/dismantler,1248,Authorized,"Official CPCB-affiliated national authorization list (user-uploaded PDF, as on 08-06-2023)"
Sogo Synergy Private Limited,"Shed No. A-57, KSSIDC Industrial Estate, Bommasandra, Hosur Road, Anekal Taluk, Bangalore Urban District - 560099",Karnataka,E-waste recycler/dismantler,1296,Authorized,"Official CPCB-affiliated national authorization list (user-uploaded PDF, as on 08-06-2023)"
MKK E-Waste Enterprises,"Shed No. 292, Belur Industrial Area, Belur, Dharwad Dist-580011",Karnataka,E-waste recycler/dismantler,360,Authorized,"Official CPCB-affiliated national authorization list (user-uploaded PDF, as on 08-06-2023)"
BSMR Metals,"No. R. O 7, KSSIDC Industrial Estate, Veerasandra II stage, Attibele Hobli, Bangalore Urban District",Karnataka,E-waste recycler/dismantler,360,Authorized,"Official CPCB-affiliated national authorization list (user-uploaded PDF, as on 08-06-2023)"
Mak Technology Industrial,"Shed No. SP-5, Veerasandra KSSIDC Industrial Estate, Phase 0-11, 3rd Cross, Huskur Min Road, Electronic City Post, Bengaluru",Karnataka,E-waste recycler/dismantler,300,Authorized,"Official CPCB-affiliated national authorization list (user-uploaded PDF, as on 08-06-2023)"
Earth Sense Recycle Pvt. Ltd.,"Printech Park Cluster 1st Phase, Plot No. A17, Kanakapura Taluk, KIADB Industrial Area Harohally Village Han, Harohalli, Ramanagara, Bangalore- 562112",Karnataka,E-waste recycler/dismantler,1200,Authorized,"Official CPCB-affiliated national authorization list (user-uploaded PDF, as on 08-06-2023)"
4R Recycling Pvt Ltd,"Shed No A-5, Industrial Estate, Peenya 3rd Stage Industrial area, Nallakadirenahalli Village, Yeshwanthpur Hobli, Bangalore North Taluk, Bangalore",Karnataka,E-waste recycler/dismantler,900,Authorized,"Official CPCB-affiliated national authorization list (user-uploaded PDF, as on 08-06-2023)"
Prakruthi Recycling Pvt. Ltd.,"Sy No. 22, Flat No. 103, 5th Block, 5th Cross, SSI Area, Rajajinagar, Bangalore- 560010",Karnataka,E-waste recycler/dismantler,999.6,Authorized,"Official CPCB-affiliated national authorization list (user-uploaded PDF, as on 08-06-2023)"
Elxion Pvt. Ltd.,"P. No. 24, 23rd A. Main Road, J.P Nagar 2nd Phase Indl Bangalore-560078",Karnataka,E-waste recycler/dismantler,360,Authorized,"Official CPCB-affiliated national authorization list (user-uploaded PDF, as on 08-06-2023)"
K. G. Nandini Enterprises,"No. 46/4, 46/5, Billakempanahalli Village, Bidadi Hobli, Ramanagaram District",Karnataka,E-waste recycler/dismantler,7200,Authorized,"Official CPCB-affiliated national authorization list (user-uploaded PDF, as on 08-06-2023)"
Eco Bird Recycling Company Pvt. Ltd.,"No. 185, Azeez Sait industrial Area, Nayandahalli, Mysore Road, Bangalore -39",Karnataka,E-waste recycler/dismantler,360,Authorized,"Official CPCB-affiliated national authorization list (user-uploaded PDF, as on 08-06-2023)"
Afeefa Spectro Alloys,"Sy No. 289/1, Nagaragere village, Gauribidnur Tq",Karnataka,E-waste recycler/dismantler,290,Authorized,"Official CPCB-affiliated national authorization list (user-uploaded PDF, as on 08-06-2023)"
Rashi E-Waste Solutions Pvt. Ltd.,"SW-51, Shed No. 26, Phase II, Apparel Park, Doddaballapura, Bangalore Rural District",Karnataka,E-waste recycler/dismantler,300,Authorized,"Official CPCB-affiliated national authorization list (user-uploaded PDF, as on 08-06-2023)"
Coral Communication and Networks Pvt. Ltd.,"No. 52, Hoskote Industrial area, Bangalore Rural District",Karnataka,E-waste recycler/dismantler,8916,Authorized,"Official CPCB-affiliated national authorization list (user-uploaded PDF, as on 08-06-2023)"
Ash Recyclers,"No. 3, KSSIDC Ind Estate, Hoskote, Bangalore Rural District",Karnataka,E-waste recycler/dismantler,120,Authorized,"Official CPCB-affiliated national authorization list (user-uploaded PDF, as on 08-06-2023)"
E Pragathi Recycling,"Plot No. 66, Road No. 18, Antharasanahalli Indl Area, IInd Phase, Tumkur",Karnataka,E-waste recycler/dismantler,3600,Authorized,"Official CPCB-affiliated national authorization list (user-uploaded PDF, as on 08-06-2023)"
Sheltron Digital systems Pvt.Ltd,"No.27, maney estate, Sy.no.121, Kumbalgodu, Bengaluru-560074",Karnataka,E-waste recycler/dismantler,360,Authorized,"Official CPCB-affiliated national authorization list (user-uploaded PDF, as on 08-06-2023)"
"Tes-Amm, India pvt. Ltd.","Sy. No. 118, Site. No. 8, Mookambika Temple Road, Machodalli Forest Gate, Magadi Road, Bangalore",Karnataka,E-waste recycler/dismantler,3240,Authorized,"Official CPCB-affiliated national authorization list (user-uploaded PDF, as on 08-06-2023)"
Sonal Metacop,"No.5, Sy No.5/1, Kachohalli Industrial Estate, Kachohalli, Laxmipura Post, Bangalore-562123",Karnataka,E-waste recycler/dismantler,720,Authorized,"Official CPCB-affiliated national authorization list (user-uploaded PDF, as on 08-06-2023)"
E-Ward & Co.,"No.11, Mutthachari Industrial area, Nayandahalli, Mysore road, Bangalore-560039",Karnataka,E-waste recycler/dismantler,300,Authorized,"Official CPCB-affiliated national authorization list (user-uploaded PDF, as on 08-06-2023)"
Swadesh Recyclers LLP,"Sy. No. 216, KIADB Industrial Area, Koorandahalli Village, Malur Taluk Kolar District",Karnataka,E-waste recycler/dismantler,7800,Authorized,"Official CPCB-affiliated national authorization list (user-uploaded PDF, as on 08-06-2023)"
FR E-Waste Enterprises,"Shed No. 120, Katha No 120/B, 52120/C, 5th Cross, Azeez Saig Industrial Area, Nayandahalli, Ward No 131, BBMP RR Nagar Zone, Bengaluru - 560039",Karnataka,E-waste recycler/dismantler,300,Authorized,"Official CPCB-affiliated national authorization list (user-uploaded PDF, as on 08-06-2023)"
Amara metals enterprises,"No V20/1, 4th main, 2nd stage, Peenya Industrial Area, Bengaluru -560058",Karnataka,E-waste recycler/dismantler,1080,Authorized,"Official CPCB-affiliated national authorization list (user-uploaded PDF, as on 08-06-2023)"
Sri sai company,"# R-15, Katha No.320/322/29, Chikkanagamangala, Sarjapura Hobli, Anekal Taluk, Bengaluru",Karnataka,E-waste recycler/dismantler,360,Authorized,"Official CPCB-affiliated national authorization list (user-uploaded PDF, as on 08-06-2023)"
Global E-waste Management Services,"P-21, Hebbal Industrial area, Hebbal I Phase, Mysuru",Karnataka,E-waste recycler/dismantler,360,Authorized,"Official CPCB-affiliated national authorization list (user-uploaded PDF, as on 08-06-2023)"
Echakra Innovations Pvt Ltd,"SB/47, 1st Cross, Peenya Ind Estate-Stage-1, Bengaluru",Karnataka,E-waste recycler/dismantler,318,Authorized,"Official CPCB-affiliated national authorization list (user-uploaded PDF, as on 08-06-2023)"
HMG Eco care Recycling,"C-22 3rd cross, Kumbalagodu, Bangalore560074",Karnataka,E-waste recycler/dismantler,300,Authorized,"Official CPCB-affiliated national authorization list (user-uploaded PDF, as on 08-06-2023)"
Npewaste Private limited,"Plot No. 96, Koorgalli Industrial Area, Belavadi Post, Mysuru -570018",Karnataka,E-waste recycler/dismantler,1200,Authorized,"Official CPCB-affiliated national authorization list (user-uploaded PDF, as on 08-06-2023)"
Earth Care E-waste Private Limited,"Plot No.15,KIADB Industrial Area, 155, Kumbalgodu, KIADB Industrial Area, Kumbalgodu Village, Kengeri Hobli, Bengaluru South Taluk, Bengaluru",Karnataka,E-waste recycler/dismantler,300,Authorized,"Official CPCB-affiliated national authorization list (user-uploaded PDF, as on 08-06-2023)"
E-Plant Recycling,"Plot No. 242/A, 2nd Phase, Narasapura Industrial Area, Kolar Tq & District",Karnataka,E-waste recycler/dismantler,300,Authorized,"Official CPCB-affiliated national authorization list (user-uploaded PDF, as on 08-06-2023)"
Greens Recology,"Plot No. 415, KIADB, Vasanthanarapura Industrial Area, Tumakuru Taluk and District",Karnataka,E-waste recycler/dismantler,300,Authorized,"Official CPCB-affiliated national authorization list (user-uploaded PDF, as on 08-06-2023)"
India Best Way Recycling,"Shed No. 08 (Mane Industrial Estate), Sy. No. 155, Kumbalgodu Village, Kengeri Hobli, Bengaluru South Taluk, Bengaluru Urban District -560074",Karnataka,E-waste recycler/dismantler,300,Authorized,"Official CPCB-affiliated national authorization list (user-uploaded PDF, as on 08-06-2023)"
Eco Trend recyclers,"#81 A & 82A Kachohalli Industrial Estate, Dasanpura Hobli, Bengaluru",Karnataka,E-waste recycler/dismantler,300,Authorized,"Official CPCB-affiliated national authorization list (user-uploaded PDF, as on 08-06-2023)"
Extract,"Plot No. 14/A, KIADB, Attibele Indl. Area, Anekal Taluk, Bengaluru",Karnataka,E-waste recycler/dismantler,650.04,Authorized,"Official CPCB-affiliated national authorization list (user-uploaded PDF, as on 08-06-2023)"
Gopalan reprocessors India Pvt Ltd,"No.131, A Main Road, Industrial Suburb, Peenya II Stage, Bengaluru",Karnataka,E-waste recycler/dismantler,600,Authorized,"Official CPCB-affiliated national authorization list (user-uploaded PDF, as on 08-06-2023)"
IKON Recyclers,"Plot No.5, Ground & 2nd Floor, 2nd Cross, 2nd Main Road, Magadi Road, Bengaluru -560079",Karnataka,E-waste recycler/dismantler,300,Authorized,"Official CPCB-affiliated national authorization list (user-uploaded PDF, as on 08-06-2023)"
E-Scrappy Recyclers,"No. 106, Adrahalli main road, Byreshwara industrial Estate, Peenya 2nd stage, Bengaluru -560091",Karnataka,E-waste recycler/dismantler,360,Authorized,"Official CPCB-affiliated national authorization list (user-uploaded PDF, as on 08-06-2023)"
Global Tech Recyclers,"No-8/5, 2nd Building, 1st Cross, Kachohalli Village & Kachohalli Industrial Estate, Lakshmipura Post, Dasanapura",Karnataka,E-waste recycler/dismantler,300,Authorized,"Official CPCB-affiliated national authorization list (user-uploaded PDF, as on 08-06-2023)"
GRKMS Private Limited,"1st Stage, Sompura, Bharathipura Dabaspet, Bengaluru-562111",Karnataka,E-waste recycler/dismantler,4099.92,Authorized,"Official CPCB-affiliated national authorization list (user-uploaded PDF, as on 08-06-2023)"
"Communication Test Design, India Private Limited","Plot No 48, Near Balaji Temple, Peenya II Phase, Bengaluru -560058",Karnataka,E-waste recycler/dismantler,1008,Authorized,"Official CPCB-affiliated national authorization list (user-uploaded PDF, as on 08-06-2023)"
JSA Web solutions,"Plot No. 93 A-4, Phase II, Jigani Industrial Area, Jigani Hobli, Anekal Taluk Bengaluru",Karnataka,E-waste recycler/dismantler,360,Authorized,"Official CPCB-affiliated national authorization list (user-uploaded PDF, as on 08-06-2023)"
Recycler India MGT LLP,"Plot No.679 to 689, KIADB industrial area, Harohalli 3rd phase Kanakapura Taluk, Ramanagara District",Karnataka,E-waste recycler/dismantler,5071.92,Authorized,"Official CPCB-affiliated national authorization list (user-uploaded PDF, as on 08-06-2023)"
Trishyiraya Recycling India pvt Ltd,"SW51, Apparel park, indl area, Bashettihalli & part of Arehalli, Shed no.10, Doddballapura, Bengaluru-561203",Karnataka,E-waste recycler/dismantler,360,Authorized,"Official CPCB-affiliated national authorization list (user-uploaded PDF, as on 08-06-2023)"
Envirotech IT Solutions,"No.136, 1st Floor, Shiva Farm, Magadi Main Road, Vrushabhavathinagar, Bengaluru -560079",Karnataka,E-waste recycler/dismantler,312,Authorized,"Official CPCB-affiliated national authorization list (user-uploaded PDF, as on 08-06-2023)"
Ace Recyclers,"Plot No. C29, KSSIDC, Industrial Estate, Hoskote Taluk, Bengaluru -562114",Karnataka,E-waste recycler/dismantler,312,Authorized,"Official CPCB-affiliated national authorization list (user-uploaded PDF, as on 08-06-2023)"
E-Pragathi Recycling Pvt. Ltd.,"Plot No. 564, Sy.No.55 & 52, Yelladadlu Village, Vasanthanarsapura, Industrial Area, 2nd Stage, Kara, Hobli, Tumkur -572128",Karnataka,E-waste recycler/dismantler,3240,Authorized,"Official CPCB-affiliated national authorization list (user-uploaded PDF, as on 08-06-2023)"
Best E-waste Recyclers Pvt Ltd.,"Plot No.459, Vasantha Narasapura Indl Area, 2nd Phase, Tumkur- 572138",Karnataka,E-waste recycler/dismantler,600,Authorized,"Official CPCB-affiliated national authorization list (user-uploaded PDF, as on 08-06-2023)"
E2E Recycling Buisness Pvt Ltd,"No.550, Sy No.102(p) Beeragondanahalli, Village, SIA 2nd stage, Nelamangala, Bengaluru",Karnataka,E-waste recycler/dismantler,432,Authorized,"Official CPCB-affiliated national authorization list (user-uploaded PDF, as on 08-06-2023)"
Return lab Recyclers pvt ltd.,"P.no.68, SW-51, Phase-2, Doddabalapura Apparel park, Bengaluru-561203",Karnataka,E-waste recycler/dismantler,360,Authorized,"Official CPCB-affiliated national authorization list (user-uploaded PDF, as on 08-06-2023)"
Think Recycling Pvt Ltd,"Plot No b-77 KSSIDC dustrial area, Bommasandra Bengaluru -560099",Karnataka,E-waste recycler/dismantler,600,Authorized,"Official CPCB-affiliated national authorization list (user-uploaded PDF, as on 08-06-2023)"
Kerala Enviro Infrastructure Ltd,"E Waste Dismantling Facility, Common TSDF project, Inside Fact-CD Campus, Ambalamedu, Kochi 682303",Kerala,E-waste recycler/dismantler,1200,Authorized,"Official CPCB-affiliated national authorization list (user-uploaded PDF, as on 08-06-2023)"
Arihant E Recycling Pvt Ltd,"Gut No.307/1, Shahada Road, Dondaicha, Tal-Sinkheda, Dist-Dhule",Maharashtra,E-waste recycler/dismantler,2000,Authorized,"Official CPCB-affiliated national authorization list (user-uploaded PDF, as on 08-06-2023)"
Eco-Recycling Ltd.,"Eco-House, Near Top Glass Enclave, Bhoipada, Near Range Office, Sativali Road, Vasai (E), Dist. Palghar",Maharashtra,E-waste recycler/dismantler,7200,Authorized,"Official CPCB-affiliated national authorization list (user-uploaded PDF, as on 08-06-2023)"
E-Incarnation Recycling Pvt. Ltd.,"Plot No. J-56, MIDC Area, Tarapur, Boiser, Dist: Palgar, Maharashtra - 401506",Maharashtra,E-waste recycler/dismantler,950,Authorized,"Official CPCB-affiliated national authorization list (user-uploaded PDF, as on 08-06-2023)"
Evergreen Recyclekaro India Pvt. Ltd.,"Gut. No. 113/A, Village Pali, Tal. Wada, Dist. Palghar",Maharashtra,E-waste recycler/dismantler,7500,Authorized,"Official CPCB-affiliated national authorization list (user-uploaded PDF, as on 08-06-2023)"
Hi-Tech Recycling (I) Pvt. Ltd,"Property No.193, Gat No. 89, Pune-Satara Road, Shindewadi, Tal: Bhor, Dist: Pune",Maharashtra,E-waste recycler/dismantler,1410,Authorized,"Official CPCB-affiliated national authorization list (user-uploaded PDF, as on 08-06-2023)"
Justdispose Recycling Pvt Ltd. (Unit-II),"S.No. 42/5, Kaddu Industrial Estate, Sativali Phata, Vasai (E), Tal-Vasai, Dist- Palghar",Maharashtra,E-waste recycler/dismantler,1200,Authorized,"Official CPCB-affiliated national authorization list (user-uploaded PDF, as on 08-06-2023)"
Pranam Enterprises,"Sr. No. 286/116, Next to Badhe, Vill. Urali Deveshi, Tal. Haveli, Dist. Pune",Maharashtra,E-waste recycler/dismantler,1000,Authorized,"Official CPCB-affiliated national authorization list (user-uploaded PDF, as on 08-06-2023)"
Techeco E-Waste Namo LLP,"Gat No. 155 B/2, Village Dhakambe, Tal. Dindori, Dist. Nashik",Maharashtra,E-waste recycler/dismantler,9360,Authorized,"Official CPCB-affiliated national authorization list (user-uploaded PDF, as on 08-06-2023)"
Threco Recycling LLP,"Survey No. 153-3 & 149-1, Hedavli, Dist- Raigad",Maharashtra,E-waste recycler/dismantler,3000,Authorized,"Official CPCB-affiliated national authorization list (user-uploaded PDF, as on 08-06-2023)"
WE-The Recycling Company,"H. No. 2212, Sr. No. 9-1 N, Behind Essar Petrol Pump, Village Borpada, Tal. Bhiwandi, Dist. Thane",Maharashtra,E-waste recycler/dismantler,800,Authorized,"Official CPCB-affiliated national authorization list (user-uploaded PDF, as on 08-06-2023)"
ECO RESET PRIVATE LIMITED,"PLOT NO. 19/1, MOUZA BHOWARI, KAMPTEE, NAGPUR, MAHARASHTRA - 441001",Maharashtra,E-waste recycler/dismantler,10200,Authorized,"Official CPCB-affiliated national authorization list (user-uploaded PDF, as on 08-06-2023)"
ECO Friend Industries,"Plot No. A-205, TTC Industrial Area, MIDC Pawane, Navi Mumbai, Tal. & Dist. Thane",Maharashtra,E-waste recycler/dismantler,1000,Authorized,"Official CPCB-affiliated national authorization list (user-uploaded PDF, as on 08-06-2023)"
A. S. Enterprises,"Shop No 4 Shankar Temple Jasmine Bldg Pestam Sagar Road No 4 Chembur, Chembur, Mumbai Suburban - 400089",Maharashtra,E-waste recycler/dismantler,500,Authorized,"Official CPCB-affiliated national authorization list (user-uploaded PDF, as on 08-06-2023)"
AG Enterprises,"Gat No. 815 (1), Kudalwadi, Chikhli, Pune 411062",Maharashtra,E-waste recycler/dismantler,365,Authorized,"Official CPCB-affiliated national authorization list (user-uploaded PDF, as on 08-06-2023)"
Alfa Trading Co.,"Kolhapur Estate, Yadav Nagar, Kherani Road, Sakinaka, Andheri, Mumbai Suburban - 400072",Maharashtra,E-waste recycler/dismantler,80,Authorized,"Official CPCB-affiliated national authorization list (user-uploaded PDF, as on 08-06-2023)"
Aman Trading Co.,"F/1, Annasagr Market, Behind Farooqi Hotel, Kurla Andheri Road, Jarimari, Kurla (W), Mumbai 400072",Maharashtra,E-waste recycler/dismantler,100,Authorized,"Official CPCB-affiliated national authorization list (user-uploaded PDF, as on 08-06-2023)"
Ambar Enterprises,"Awutade, Handewadi, Tal. Haveli, Dist. Pune 411028",Maharashtra,E-waste recycler/dismantler,250,Authorized,"Official CPCB-affiliated national authorization list (user-uploaded PDF, as on 08-06-2023)"
Amiable Electroning Pvt. Ltd.,"Plot No. D-141, Shirawane, TTC Industrial Area, MIDC Shiewane, Nerul, Navi Mumbai",Maharashtra,E-waste recycler/dismantler,750,Authorized,"Official CPCB-affiliated national authorization list (user-uploaded PDF, as on 08-06-2023)"
Anand Computer System,"2160 B, Sadashiv Peth, Swamipuram Bldg, Shop No. 7,8,9, Pune - 411030",Maharashtra,E-waste recycler/dismantler,350,Authorized,"Official CPCB-affiliated national authorization list (user-uploaded PDF, as on 08-06-2023)"
Ancus India Reprocessing Pvt. Ltd.,"Shop No. 2, Bldg. No. 1, Tiwari Estate, Vill:-Dhaniv, Nalasopara, Vasai",Maharashtra,E-waste recycler/dismantler,450,Authorized,"Official CPCB-affiliated national authorization list (user-uploaded PDF, as on 08-06-2023)"
Aqsa Stamping,"Plot no. 55, Rangara Industrial Estate, 33/35, Kiravali (Adivali), Tal. Panvel, Dist. Raigad",Maharashtra,E-waste recycler/dismantler,300,Authorized,"Official CPCB-affiliated national authorization list (user-uploaded PDF, as on 08-06-2023)"
ARSH RECYCLING PRIVATE LIMITED,"GAT No. 1750, RANJANGAON GANPATI, PUNE NAGAR ROAD, Ranjangaon Ganpati, Pune - 412209",Maharashtra,E-waste recycler/dismantler,2400,Authorized,"Official CPCB-affiliated national authorization list (user-uploaded PDF, as on 08-06-2023)"
Asquare Industrial Solutions,"Gala No. 3, Plot No. 35, Mulgaon, MIDC Khopoli, Tal. Khopoli, Dist. Raigad",Maharashtra,E-waste recycler/dismantler,300,Authorized,"Official CPCB-affiliated national authorization list (user-uploaded PDF, as on 08-06-2023)"
Avis Technoways,"Plot No. A-58, MIDC Osmanabad, Dist. Osmanabad",Maharashtra,E-waste recycler/dismantler,500,Authorized,"Official CPCB-affiliated national authorization list (user-uploaded PDF, as on 08-06-2023)"
Baban Plastic,"Gut No. 1, At. Sajapur, Tal. & Dist. Aurangabad 401136",Maharashtra,E-waste recycler/dismantler,500,Authorized,"Official CPCB-affiliated national authorization list (user-uploaded PDF, as on 08-06-2023)"
Bharat E Waste Recycling Co.,"Sr. No. 189, Vill. Waliv, Vasai-Virar City (M Corp), Palghar - 401208",Maharashtra,E-waste recycler/dismantler,500,Authorized,"Official CPCB-affiliated national authorization list (user-uploaded PDF, as on 08-06-2023)"
Bhavesh Enterprises,"Sr. No. 225/11, Hissa No. 23, Gausiya Compound, Gate No. 1, Vill. Pimpri, Tal. & Dist. Thane",Maharashtra,E-waste recycler/dismantler,200,Authorized,"Official CPCB-affiliated national authorization list (user-uploaded PDF, as on 08-06-2023)"
BKE RECYCLING,"Adsul Mala, Shivram Nagar, Uruli Devachi, URULI DEVACHI, Pune - 412308",Maharashtra,E-waste recycler/dismantler,300,Authorized,"Official CPCB-affiliated national authorization list (user-uploaded PDF, as on 08-06-2023)"
Bombay Metal Works,"Sr. 54, Hissa No. 4, Dahisar Road, Pimpri, Tal & Dist: Thane",Maharashtra,E-waste recycler/dismantler,1000,Authorized,"Official CPCB-affiliated national authorization list (user-uploaded PDF, as on 08-06-2023)"
Bombay Recyclers Pvt. Ltd.,"Gala No. P-17-18, S. No. 121/2, Balaji Industrial Park, Behind Hindalco Co. MIDC Taloja, Panvel, Dist. Raigad",Maharashtra,E-waste recycler/dismantler,200,Authorized,"Official CPCB-affiliated national authorization list (user-uploaded PDF, as on 08-06-2023)"
Bsqaure E-Waste Recyclers,"Gala No. 800, Survey No. 69/3, Siddhivinayak Market, Mohammadia Estate, Pimpri, Thane, Dist: Thane, Maharashtra",Maharashtra,E-waste recycler/dismantler,325,Authorized,"Official CPCB-affiliated national authorization list (user-uploaded PDF, as on 08-06-2023)"
CBS EWaste Recycling Industries,"G.No. 18/63/2, At. Khanapur, Tal. Akole, Dist. Ahmednagar",Maharashtra,E-waste recycler/dismantler,2500,Authorized,"Official CPCB-affiliated national authorization list (user-uploaded PDF, as on 08-06-2023)"
Chaudhary Metal,"80/2, Village -Waliwali Dahisar, Mori, Mumbra Panvel Road, Group Grampachayat, Dist. Thane - 400612",Maharashtra,E-waste recycler/dismantler,350,Authorized,"Official CPCB-affiliated national authorization list (user-uploaded PDF, as on 08-06-2023)"
Clean Tech,"B/8, Gala no: 3, Parasnath indl Estate, Anjurphata Road, vill: Val, Tal: Bhiwandi Dist: Thane",Maharashtra,E-waste recycler/dismantler,360,Authorized,"Official CPCB-affiliated national authorization list (user-uploaded PDF, as on 08-06-2023)"
Connect Info Solutions India Private Limited,"c/o: A-one Logistics Shop No 4, Saibaba Apartment, Plot No 12, Sector 9, Near Corporation Bank, Khanda Colony, New Panvel - 410206",Maharashtra,E-waste recycler/dismantler,130,Authorized,"Official CPCB-affiliated national authorization list (user-uploaded PDF, as on 08-06-2023)"
CPG Shell Mould & Casting,"Plot No.W-39, Additional MIDC, Satara",Maharashtra,E-waste recycler/dismantler,1000,Authorized,"Official CPCB-affiliated national authorization list (user-uploaded PDF, as on 08-06-2023)"
E Clean E Green Recycling,"Umar Compound, Jabar Pada, Nalasopara, Vasai-Virar City (M Corp), Dist. Palghar 401208",Maharashtra,E-waste recycler/dismantler,500,Authorized,"Official CPCB-affiliated national authorization list (user-uploaded PDF, as on 08-06-2023)"
Earth Sense Recycle Pvt. Ltd.,"A7, Gala No.1,2 & 3, Ground Floor, Prerana Complex, Val Village, Dapoda Road, Anjurphatta, Bhiwandi, District-Thane",Maharashtra,E-waste recycler/dismantler,750,Authorized,"Official CPCB-affiliated national authorization list (user-uploaded PDF, as on 08-06-2023)"
Eco Layer E-Waste Recycling,"S. No. 11, H. No. 1/1, PT-8, S. K. Indl. Estate, Choudhary Compound, Vasai E, Palghar",Maharashtra,E-waste recycler/dismantler,110,Authorized,"Official CPCB-affiliated national authorization list (user-uploaded PDF, as on 08-06-2023)"
Eco Tantra LLP,"M-365, Raviwar Peth, Bohari Lane, Tal. & Dist. Pune",Maharashtra,E-waste recycler/dismantler,160,Authorized,"Official CPCB-affiliated national authorization list (user-uploaded PDF, as on 08-06-2023)"
Eco Tech Recycling,"C/6, (5), Sagar Industrial Estate, S. No. 46/4, Dhumal Nagar, Vasai (E), Tal: Vasai, Dist: Palghar",Maharashtra,E-waste recycler/dismantler,450,Authorized,"Official CPCB-affiliated national authorization list (user-uploaded PDF, as on 08-06-2023)"
Ecostar Recycling,"Survey No.94 Hissa No.12 Mahadev Industrial, Near Ladi Company, Mumbra, Dist:- Thane- 400612",Maharashtra,E-waste recycler/dismantler,275,Authorized,"Official CPCB-affiliated national authorization list (user-uploaded PDF, as on 08-06-2023)"
EMS Scrapo,"S. No. 199, Hissa No. 3, Bharat Market, Khan Compound, Shil-Mahape Road, Shil, Tal. & Dist. Thane",Maharashtra,E-waste recycler/dismantler,90,Authorized,"Official CPCB-affiliated national authorization list (user-uploaded PDF, as on 08-06-2023)"
Envirocare Recycling Pvt. Ltd.,"Unit no: 8/ C-I Actual Industrial Complex, Uchat, Road, Village: Magathane, Tal: Wada Dist: Thane",Maharashtra,E-waste recycler/dismantler,500,Authorized,"Official CPCB-affiliated national authorization list (user-uploaded PDF, as on 08-06-2023)"
Environment Experts,"Gala No. 11, Lane, J. K. Compound, Opp. Roshan Comp. Kherani Road, Sakinaka, Mumbai",Maharashtra,E-waste recycler/dismantler,350,Authorized,"Official CPCB-affiliated national authorization list (user-uploaded PDF, as on 08-06-2023)"
E-Recon Recycling Pvt. Ltd.,"Gut No. 94, Chitegaon, Tal. Paithan, Dist. Aurangabad",Maharashtra,E-waste recycler/dismantler,500,Authorized,"Official CPCB-affiliated national authorization list (user-uploaded PDF, as on 08-06-2023)"
E-Refine Corporation,"Gut No. 24, Plot No. 2, Dargah Road, Additional Daultabad, Tal. & Dist. Aurangabad",Maharashtra,E-waste recycler/dismantler,260,Authorized,"Official CPCB-affiliated national authorization list (user-uploaded PDF, as on 08-06-2023)"
E-Waste Global,"Gate No. 2, Near Theur Phata, Lonikand, Pune Nagar Road, Tal. Haveli, Dist. Pune 412216",Maharashtra,E-waste recycler/dismantler,240,Authorized,"Official CPCB-affiliated national authorization list (user-uploaded PDF, as on 08-06-2023)"
E-Waste Mart,"Survey No.94, Gala No.6, Umar Compound, Jahar Pada, Nalasopara, Vasai-Virar City (M Corp), District - Palghar - 401208",Maharashtra,E-waste recycler/dismantler,500,Authorized,"Official CPCB-affiliated national authorization list (user-uploaded PDF, as on 08-06-2023)"
General Technologies India Pvt Ltd,"Plot No. MBP-2, Building No.A-1, Office No. 1213, 12th Floor, Rupa Solitaire Building, TTC Industrial Area, Mahape, Dist. Thane",Maharashtra,E-waste recycler/dismantler,100,Authorized,"Official CPCB-affiliated national authorization list (user-uploaded PDF, as on 08-06-2023)"
GNG Electronics Pvt. Ltd.,"Sr. No. 54, Hissa No. Dahisar Rd, Pimpri, Tal. & Dist. - Thane",Maharashtra,E-waste recycler/dismantler,750,Authorized,"Official CPCB-affiliated national authorization list (user-uploaded PDF, as on 08-06-2023)"
Go Green Recycling,"Unit No. 75/66, Hasti Industrial Estate, TTC Industrial Area, Mahape, Navi Mumbai",Maharashtra,E-waste recycler/dismantler,150,Authorized,"Official CPCB-affiliated national authorization list (user-uploaded PDF, as on 08-06-2023)"
Grade Infratech Pvt. Ltd.,"Gut No. 849, Near Mahindra CIE, Ambethan Chakan, Village Chakan, Tal. Khed, Dist. Pune",Maharashtra,E-waste recycler/dismantler,300,Authorized,"Official CPCB-affiliated national authorization list (user-uploaded PDF, as on 08-06-2023)"
Green Enviro Services,"118/1, Wasali, Tal. Khed, Dist. Pune",Maharashtra,E-waste recycler/dismantler,700,Authorized,"Official CPCB-affiliated national authorization list (user-uploaded PDF, as on 08-06-2023)"
GREEN INDIA E-WASTE & RECYCLING OPC PVT. LTD.,"SURVEY NO. 74, HISSA NO. 1/A, House No. 500, POST-DAHISAR, District - Thane",Maharashtra,E-waste recycler/dismantler,390,Authorized,"Official CPCB-affiliated national authorization list (user-uploaded PDF, as on 08-06-2023)"
Green IT Recycling Center Pvt Ltd,"Plot No. D-222, MIDC Ranjangaon, Dist.- Pune - 412209",Maharashtra,E-waste recycler/dismantler,365,Authorized,"Official CPCB-affiliated national authorization list (user-uploaded PDF, as on 08-06-2023)"
Green IT Recycling Centre Pvt. Ltd.,"Gat No. 207, Plot No. 3 & 4, Near Scienunero Company, Near PMT Depot, Shindewadi, Tal. Bhor, Dist. Pune",Maharashtra,E-waste recycler/dismantler,1000,Authorized,"Official CPCB-affiliated national authorization list (user-uploaded PDF, as on 08-06-2023)"
GREEN PLANET RECYCLING SOLUTIONS,"SURVAY NO 72/1/A, AT BHANDARLI, DHASAR MORI, OLD MUMBRA PANVEL ROAD, TAL THANE, DIST THANE - 400612",Maharashtra,E-waste recycler/dismantler,550,Authorized,"Official CPCB-affiliated national authorization list (user-uploaded PDF, as on 08-06-2023)"
Green Tech Solution Industries,"Gat No. 83/1, A/p. Wakhari, tal. Pandharpur, Dist. Solapur 413304",Maharashtra,E-waste recycler/dismantler,250,Authorized,"Official CPCB-affiliated national authorization list (user-uploaded PDF, as on 08-06-2023)"
Green Valley E Waste Management Pvt Ltd,"Gut No. 525/10, Village-Ghosai, Saza-Met, Tal. Wada, Ghonsai, Palghar - 421312",Maharashtra,E-waste recycler/dismantler,596,Authorized,"Official CPCB-affiliated national authorization list (user-uploaded PDF, as on 08-06-2023)"
Greenscape Eco Management Private Limited,"MIDC Chakan Industrial Area (Ph-II), Pune - 410501",Maharashtra,E-waste recycler/dismantler,900,Authorized,"Official CPCB-affiliated national authorization list (user-uploaded PDF, as on 08-06-2023)"
Hari Om Scrap Traders,"957/43, K.P. 2nd Lane, S. P. Road, Opp. Om Namahshivaya Bldg. Mumbai Central, Mumbai",Maharashtra,E-waste recycler/dismantler,49.5,Authorized,"Official CPCB-affiliated national authorization list (user-uploaded PDF, as on 08-06-2023)"
Harshita Green Recyclers,"Gat No. 452, Urse Talegaon Dhabade, Tal. Maval, Dist. Pune",Maharashtra,E-waste recycler/dismantler,500,Authorized,"Official CPCB-affiliated national authorization list (user-uploaded PDF, as on 08-06-2023)"
Indian Scrap Traders,"Survey No. 11, Hissa No. 3/A, Ghusia Market, Gala no: 661, Vill: Pimpari, Post: Dahisar Dist: Thane",Maharashtra,E-waste recycler/dismantler,200,Authorized,"Official CPCB-affiliated national authorization list (user-uploaded PDF, as on 08-06-2023)"
J Choudhary & Company,"Sr. No. 67/3, Pipewal Lane Mohammadiya Estate, Pimpri Old Mumbai Pune Road, pimpri, Thane 400612",Maharashtra,E-waste recycler/dismantler,500,Authorized,"Official CPCB-affiliated national authorization list (user-uploaded PDF, as on 08-06-2023)"
J.S.Enterprises,"Gat No-132, Khalumbre, Chakan - 410501",Maharashtra,E-waste recycler/dismantler,650,Authorized,"Official CPCB-affiliated national authorization list (user-uploaded PDF, as on 08-06-2023)"
JRS Recycling Solutions Pvt. Ltd.,"Gala No. 428, S. No. 74, Hissa No. 2A, Garib Nawaz Estate, Old Mumbai Pune Road, Dahisar, Dist. Thane",Maharashtra,E-waste recycler/dismantler,300,Authorized,"Official CPCB-affiliated national authorization list (user-uploaded PDF, as on 08-06-2023)"
Just Dispose Recycling Pvt. Ltd.,"Unit No: 103,110,119, Arvind Industrial Estate, Navghar, Vasai (E), Dist: Thane",Maharashtra,E-waste recycler/dismantler,1200,Authorized,"Official CPCB-affiliated national authorization list (user-uploaded PDF, as on 08-06-2023)"
K. G. N. Traders,"Survey No. 11, Hissa No. 30, Gausiya Market, Village- Pimpri, Post-Dahisar, Dist. Thane - 400612",Maharashtra,E-waste recycler/dismantler,900,Authorized,"Official CPCB-affiliated national authorization list (user-uploaded PDF, as on 08-06-2023)"
Kalawishwa Electrical,"B-47 (Sub letting), MIDC Waluj, Dist. Aurangabad 431136",Maharashtra,E-waste recycler/dismantler,300,Authorized,"Official CPCB-affiliated national authorization list (user-uploaded PDF, as on 08-06-2023)"
Kapila Enterprises,"Gat No. 46/3, At. Post. Supa, Tal. Parner, Dist: Ahmednagar",Maharashtra,E-waste recycler/dismantler,250,Authorized,"Official CPCB-affiliated national authorization list (user-uploaded PDF, as on 08-06-2023)"
Kohinoor E-Waste Recycling Pvt. Ltd.,"Gut No. 205/1 and 205/2, Opp. Gurudatta Washing Centre, Dhekhu, Khalapur, Dist. Raigad",Maharashtra,E-waste recycler/dismantler,240,Authorized,"Official CPCB-affiliated national authorization list (user-uploaded PDF, as on 08-06-2023)"
KRISHNA METAL REFINERY,"Plot No.1-2/143, Sapronde Village, Taluka - Wada, District-Thane - 400086",Maharashtra,E-waste recycler/dismantler,750,Authorized,"Official CPCB-affiliated national authorization list (user-uploaded PDF, as on 08-06-2023)"
Kuldeep E-Waste Disposals,"Sr. No. 50, Waghjainagar, Mabegaon Khurd, Katraj-Ambegaon Road, Katraj, Pune - 411046",Maharashtra,E-waste recycler/dismantler,90,Authorized,"Official CPCB-affiliated national authorization list (user-uploaded PDF, as on 08-06-2023)"
Lilashana Sales,"Ramdas Company, Nandra Road, khamgaon, Dist. Buldhana",Maharashtra,E-waste recycler/dismantler,360,Authorized,"Official CPCB-affiliated national authorization list (user-uploaded PDF, as on 08-06-2023)"
MAC FIX STATION,"OFFICE NO 201, MAKHIJA ARCADE, 35TH ROAD, KHAR BANDRA LINKING ROAD, Bandra, Mumbai Suburban - 400052",Maharashtra,E-waste recycler/dismantler,800,Authorized,"Official CPCB-affiliated national authorization list (user-uploaded PDF, as on 08-06-2023)"
Mahalaxmi E-Recyclers Pvt. Ltd.,"Plot NO.77 & 78, Subplot No. 3A, Ramtekde Industrial Area, Hadapsar, Tal. Haveli, Dist. Pune",Maharashtra,E-waste recycler/dismantler,525,Authorized,"Official CPCB-affiliated national authorization list (user-uploaded PDF, as on 08-06-2023)"
Maharashtra Enterprises,"Plot No. 17, Rangara Industrial estate, Kiravali (Adivali), Old Thane Pune Road, Tal. Panvel, Dist. Raigad",Maharashtra,E-waste recycler/dismantler,500,Authorized,"Official CPCB-affiliated national authorization list (user-uploaded PDF, as on 08-06-2023)"
Mahesh Traders,"Plot No. 316, Shree Shahu Market Yard, Tal. Karveer, Dist. Kolhapur",Maharashtra,E-waste recycler/dismantler,107,Authorized,"Official CPCB-affiliated national authorization list (user-uploaded PDF, as on 08-06-2023)"
Manihar Enterprises,"Survey No. 74, Village Goteghar, Tal. Thane, Dist. Thane",Maharashtra,E-waste recycler/dismantler,1000,Authorized,"Official CPCB-affiliated national authorization list (user-uploaded PDF, as on 08-06-2023)"
Manish Metal,"Gat No 925, Near Ashtekar Bangla, A/P- Theur, Dist- Pune - 412110",Maharashtra,E-waste recycler/dismantler,550,Authorized,"Official CPCB-affiliated national authorization list (user-uploaded PDF, as on 08-06-2023)"
Map Trading Company,"Gat No. 670, Villoli, Tal. & Dist. Nashik 422010",Maharashtra,E-waste recycler/dismantler,500,Authorized,"Official CPCB-affiliated national authorization list (user-uploaded PDF, as on 08-06-2023)"
Masstech Recycling LLP,"Gala no 56, 58, 59 & 82, M.J.K. Compound, Kherani Road, Sakinaka, Mumbai - 400072",Maharashtra,E-waste recycler/dismantler,400,Authorized,"Official CPCB-affiliated national authorization list (user-uploaded PDF, as on 08-06-2023)"
Mauli Metals,"Gut No. 222, At Kadachi Wadi, Post Chakan, Tal. Khed, Dist. Pune",Maharashtra,E-waste recycler/dismantler,360,Authorized,"Official CPCB-affiliated national authorization list (user-uploaded PDF, as on 08-06-2023)"
Mayra Corporation,"Plot No. C-157, MIDC Malegaon, Tal. Sinnar, Dist. Nashik",Maharashtra,E-waste recycler/dismantler,30,Authorized,"Official CPCB-affiliated national authorization list (user-uploaded PDF, as on 08-06-2023)"
Mukesh Metal,"Sr. No. 93, Hissa No. 1, Behind Deepesh Lodge Gotegar Uttarshiv, Mumbra Road, Dist. Thane",Maharashtra,E-waste recycler/dismantler,400,Authorized,"Official CPCB-affiliated national authorization list (user-uploaded PDF, as on 08-06-2023)"
Nagraj E-Waste Recycling,S.No.41 Vill Asoli Mouza Mahalgaon Tah Kamptee Dist Nagpur - 441202,Maharashtra,E-waste recycler/dismantler,1800,Authorized,"Official CPCB-affiliated national authorization list (user-uploaded PDF, as on 08-06-2023)"
National Traders,"S. No. 103/1/2, Undri-Saswad Road, Autade, Handewadi, Tal. Haveli, Dist. Pune",Maharashtra,E-waste recycler/dismantler,250,Authorized,"Official CPCB-affiliated national authorization list (user-uploaded PDF, as on 08-06-2023)"
National Trading Corporation,"S. No. 56/1, Plot No. 18 & 19, Old Mumbai-Panvel Road, Village Pimpri, Tal. & Dist. Thane",Maharashtra,E-waste recycler/dismantler,140,Authorized,"Official CPCB-affiliated national authorization list (user-uploaded PDF, as on 08-06-2023)"
Navkar Recycling,"Sr. No. 69, Hissa No. 15, Mahamadiya Estate, Mumbai Panvel Road, Post. Dahisar, Dist.Thane",Maharashtra,E-waste recycler/dismantler,1000,Authorized,"Official CPCB-affiliated national authorization list (user-uploaded PDF, as on 08-06-2023)"
New Ecotech Recycling,"Survey no. 136, Hissa no. 364, At Post-Khaniwade, Taluka-Vasai, District- Palghar Pincode -401305",Maharashtra,E-waste recycler/dismantler,300,Authorized,"Official CPCB-affiliated national authorization list (user-uploaded PDF, as on 08-06-2023)"
New India Scrap Traders,"Plot No. 31/E, Ashok Nagar, Dist. Aurangabad",Maharashtra,E-waste recycler/dismantler,150,Authorized,"Official CPCB-affiliated national authorization list (user-uploaded PDF, as on 08-06-2023)"
New Shivam Enteprises,"Gala No. 326, At. Post. Khandale, Near Suruchi Dairy, Dist. Pune",Maharashtra,E-waste recycler/dismantler,4800,Authorized,"Official CPCB-affiliated national authorization list (user-uploaded PDF, as on 08-06-2023)"
NICHOLAS RECYCLING PRIVATE LIMITED,"Nicholas Compound, Sativali Road, Valiv",Maharashtra,E-waste recycler/dismantler,500,Authorized,"Official CPCB-affiliated national authorization list (user-uploaded PDF, as on 08-06-2023)"
Noble Trading Company,"S. No. 11, Hissa No. 23, Gausiya Market, Village Pimpari, Old M. P. Road, Tal. & Dist. Thane",Maharashtra,E-waste recycler/dismantler,265,Authorized,"Official CPCB-affiliated national authorization list (user-uploaded PDF, as on 08-06-2023)"
Om Recycling,"19/2 Mangalwa Peth, Peth, Dist. Pune",Maharashtra,E-waste recycler/dismantler,100,Authorized,"Official CPCB-affiliated national authorization list (user-uploaded PDF, as on 08-06-2023)"
OM R V Interiors,"S. N. 92, Hissa No. 3, At Pelhar, Tal. Vasai, Dist Palghar",Maharashtra,E-waste recycler/dismantler,250,Authorized,"Official CPCB-affiliated national authorization list (user-uploaded PDF, as on 08-06-2023)"
Pakeeza Traders,"Plot No. 406, 407, 408, At. Soyapur, Tal. & Dist. Aurangabad",Maharashtra,E-waste recycler/dismantler,720,Authorized,"Official CPCB-affiliated national authorization list (user-uploaded PDF, as on 08-06-2023)"
Perfect E-Waste Recyclers,"Plot No. A-8/1, MIDC Chikhalthana, Tal. & Dist. Aurangabad",Maharashtra,E-waste recycler/dismantler,184,Authorized,"Official CPCB-affiliated national authorization list (user-uploaded PDF, as on 08-06-2023)"
Poona E-Waste Solutions,"1/1009, Gat No. 2334/4, Wagholi, Pune 412207",Maharashtra,E-waste recycler/dismantler,250,Authorized,"Official CPCB-affiliated national authorization list (user-uploaded PDF, as on 08-06-2023)"
Prabhunath Traders,"Sr. No. 314, H. No. 2, uril Devachi, Tal. Haveli, Dist. Pune",Maharashtra,E-waste recycler/dismantler,1680,Authorized,"Official CPCB-affiliated national authorization list (user-uploaded PDF, as on 08-06-2023)"
Process Recycling,"Gala No,2, S.No 302, Richard Compound Near Maharashtra Vajan Kata, umang pharma road vasai phata, Dist. Palghar",Maharashtra,E-waste recycler/dismantler,125,Authorized,"Official CPCB-affiliated national authorization list (user-uploaded PDF, as on 08-06-2023)"
Progressive Recycler LLP.,"MIDC Chakan Industrial area (PH-II), D-45, Tal:- khed, Dist:-Pune",Maharashtra,E-waste recycler/dismantler,295,Authorized,"Official CPCB-affiliated national authorization list (user-uploaded PDF, as on 08-06-2023)"
Pune Greens Electronic Waste Recycler Pvt. Ltd.,"Sr. No. 63/1, B-4/1, Handewadi Road, Hadapsar, Pune",Maharashtra,E-waste recycler/dismantler,500,Authorized,"Official CPCB-affiliated national authorization list (user-uploaded PDF, as on 08-06-2023)"
R T Corporation,"S.No.377, H.No.2, Ambisi Ganeshpuri Road, Village- Palsai, Tal: Wada, Dist-Palghar",Maharashtra,E-waste recycler/dismantler,3000,Authorized,"Official CPCB-affiliated national authorization list (user-uploaded PDF, as on 08-06-2023)"
R.K. E-Recycling International LLP,"Gala no.-2, Tirupati Industrial Park, Sativali Road, Vasai East- 401208",Maharashtra,E-waste recycler/dismantler,130,Authorized,"Official CPCB-affiliated national authorization list (user-uploaded PDF, as on 08-06-2023)"
Rcube Recycling Pvt Ltd.,"Shree Ganesh Indl Estate, Vasai Palghat, Khairpada, Palghar -401330",Maharashtra,E-waste recycler/dismantler,230,Authorized,"Official CPCB-affiliated national authorization list (user-uploaded PDF, as on 08-06-2023)"
Recycling Future,"S. No. 169, Bhangarpada, Post Kundevahll, Tal. Panvel. Dist. Raigad",Maharashtra,E-waste recycler/dismantler,500,Authorized,"Official CPCB-affiliated national authorization list (user-uploaded PDF, as on 08-06-2023)"
Regreen Recycling,"FLT 205, POCKET 5, GANESHWADI CHS LTD., BLDG 5, BHIM NAGAR MIDC ANDHERI EAST, Mumbai Suburban - 400093",Maharashtra,E-waste recycler/dismantler,120,Authorized,"Official CPCB-affiliated national authorization list (user-uploaded PDF, as on 08-06-2023)"
Reteck Envirotech Pvt. Ltd.,"Plot No. 4 A, MIDC Taloja, Tal. Panvel, Dist. Raigad",Maharashtra,E-waste recycler/dismantler,2500,Authorized,"Official CPCB-affiliated national authorization list (user-uploaded PDF, as on 08-06-2023)"
Right E-waste Recycle,"S. No. 40/2/C, 40/3, Nashik Highway, Kalyan Sape Road, Tal. Bhiwandi. Dist. Thane",Maharashtra,E-waste recycler/dismantler,400,Authorized,"Official CPCB-affiliated national authorization list (user-uploaded PDF, as on 08-06-2023)"
Rolex Entrprises,"Survey No. 218, Hissa No. 4/1, Dahisar, Navi Mumbai",Maharashtra,E-waste recycler/dismantler,500,Authorized,"Official CPCB-affiliated national authorization list (user-uploaded PDF, as on 08-06-2023)"
Royal Scrap Traders,"Gut No. 23, Plot No. 8, Mayurnagar, Naregaon, Dist. Aurangabad",Maharashtra,E-waste recycler/dismantler,230,Authorized,"Official CPCB-affiliated national authorization list (user-uploaded PDF, as on 08-06-2023)"
S. S. E-Waste Recyclers,"Gut No. 442, Village Usar, Kondla Road, Tal. Wada, Dist. Palghar 421312",Maharashtra,E-waste recycler/dismantler,1500,Authorized,"Official CPCB-affiliated national authorization list (user-uploaded PDF, as on 08-06-2023)"
S.K. Enterprises,"Plot No: 134 Paiki Sub Plot No.-1, Ahmednagar Industrial Estate Co-Op. Society Ltd, Nagpur-Pune Road, Ta & Dist - Ahmedanagar-414005",Maharashtra,E-waste recycler/dismantler,5000,Authorized,"Official CPCB-affiliated national authorization list (user-uploaded PDF, as on 08-06-2023)"
S K Enterprises,"S. No. 77, Hissa No. 1, Hindustan Market, Dieghar, Tal. Shil, Dist. Thane",Maharashtra,E-waste recycler/dismantler,300,Authorized,"Official CPCB-affiliated national authorization list (user-uploaded PDF, as on 08-06-2023)"
S. N. Brothers,"S. No. 305, Dongaripada, Near Classic Company, Vasai-Virar (M. Corp.), Dist Palghar",Maharashtra,E-waste recycler/dismantler,180,Authorized,"Official CPCB-affiliated national authorization list (user-uploaded PDF, as on 08-06-2023)"
Saani Enterprises,"Gut No. 64, Plot No. 65, Mahal Pimpri, Dist. Aurangabad",Maharashtra,E-waste recycler/dismantler,1200,Authorized,"Official CPCB-affiliated national authorization list (user-uploaded PDF, as on 08-06-2023)"
Sadab Traders,"Plot No. 1154, Gat No. 140/2A/1, Village Vilholi, Behind Jain Temple, Tal & Dist. Nashik - 422010",Maharashtra,E-waste recycler/dismantler,300,Authorized,"Official CPCB-affiliated national authorization list (user-uploaded PDF, as on 08-06-2023)"
SAHARA ENTERPRISES,"GAT N0 65 DEHU ALANDI ROAD, CHIKHALI, TAL.HAVELI DIST.PUNE - 411062",Maharashtra,E-waste recycler/dismantler,160,Authorized,"Official CPCB-affiliated national authorization list (user-uploaded PDF, as on 08-06-2023)"
Sahara Traders,"Gala No. 1, Ground Floor, Kalyan Road, Temghar, Tal. Bhiwandi, Dist. Thane",Maharashtra,E-waste recycler/dismantler,700,Authorized,"Official CPCB-affiliated national authorization list (user-uploaded PDF, as on 08-06-2023)"
Sayma E-Waste Solutions,"S. No. 323, Hissa no. 3, A Plot No. B-27, Urali Devashi, Tal. Haveli, Pune",Maharashtra,E-waste recycler/dismantler,335,Authorized,"Official CPCB-affiliated national authorization list (user-uploaded PDF, as on 08-06-2023)"
Scape E Recycler Private Limited,"Near Bus Stand, Behind Hotel Chandralok, Shikshak Colony, Purna Dist. Parbhani, Purna, Parbhani - 431511",Maharashtra,E-waste recycler/dismantler,235,Authorized,"Official CPCB-affiliated national authorization list (user-uploaded PDF, as on 08-06-2023)"
Shabbir Traders,"Plot No. P/15 & 16, Sr. No. 119/120/121, Balaji Industrial Park, Behind Hindalco, Vill. Tondre, Tal. Panvel, Dist. Raigad",Maharashtra,E-waste recycler/dismantler,300,Authorized,"Official CPCB-affiliated national authorization list (user-uploaded PDF, as on 08-06-2023)"
Shifa Traders,"Gut No. 63, Dehu Moshi Road, Kudalwadi, Chikhali, Tal. Mulshi, Dist. Pune",Maharashtra,E-waste recycler/dismantler,300,Authorized,"Official CPCB-affiliated national authorization list (user-uploaded PDF, as on 08-06-2023)"
Sigma Enterprises,"Plot No. 5 & Gut No. 54/0, Adiwali, Tal. Panvel, Raigad",Maharashtra,E-waste recycler/dismantler,350,Authorized,"Official CPCB-affiliated national authorization list (user-uploaded PDF, as on 08-06-2023)"
SK E-Waste Disposal,"Gat No. 116, Fine Weight Bridge, Jadhavwadi, Chikhali, Tal: Haveli, Dist: Pune",Maharashtra,E-waste recycler/dismantler,250,Authorized,"Official CPCB-affiliated national authorization list (user-uploaded PDF, as on 08-06-2023)"
SOLAPUR ECON RECYFINE,"PLOT NO. K-47 MIDC CHINCHOLI, Taluka - MOHOL, Chincholikati, Solapur - 413255",Maharashtra,E-waste recycler/dismantler,750,Authorized,"Official CPCB-affiliated national authorization list (user-uploaded PDF, as on 08-06-2023)"
Spas Computers Pvt. Ltd.,"7 & 12, Hema Industrial Estate, Premises, Cos Ltd. Sarvodaya Nagar, Rajmata Jijai Road, Jogeshwari E",Maharashtra,E-waste recycler/dismantler,500,Authorized,"Official CPCB-affiliated national authorization list (user-uploaded PDF, as on 08-06-2023)"
Star Envo Recycling (I) Private Limited,"Gala No 3, Survey No. 11, Hissa No. 1/1, Choudhary Compound, Wakanpada, Pelhar, Waliv, Vasai (E), Tal. Vasai, Dist. Palghar",Maharashtra,E-waste recycler/dismantler,250,Authorized,"Official CPCB-affiliated national authorization list (user-uploaded PDF, as on 08-06-2023)"
Sultan Disposal Stores,"S. No. 28/2A/B, Undri, Opp. R Point, Pune Saswad Road, Tal. Haveli, Dist. Pune 411028",Maharashtra,E-waste recycler/dismantler,600,Authorized,"Official CPCB-affiliated national authorization list (user-uploaded PDF, as on 08-06-2023)"
Suritex Pvt.Ltd.,"Plot No. B-111, MIDC Industrial Area, Butibori, District - Nagpur",Maharashtra,E-waste recycler/dismantler,360,Authorized,"Official CPCB-affiliated national authorization list (user-uploaded PDF, as on 08-06-2023)"
THE2BROS,"70 AS KURLA ANDHERI ROAD, OPP JARIMARI TEMPLE, Chandivali, Mumbai Suburban - 400072",Maharashtra,E-waste recycler/dismantler,275,Authorized,"Official CPCB-affiliated national authorization list (user-uploaded PDF, as on 08-06-2023)"
Trekomac Refurbs Pvt. Ltd.,"Plot No, G-3, Five Star MIDC Kagal Hatkanangale, Tal. Kagal, Dist. Kolhapur",Maharashtra,E-waste recycler/dismantler,400,Authorized,"Official CPCB-affiliated national authorization list (user-uploaded PDF, as on 08-06-2023)"
Unity Enterprises,"Gut No. 1745. Ranjangaon Ganpati, Tal. Shirur, Dist. Pune",Maharashtra,E-waste recycler/dismantler,1200,Authorized,"Official CPCB-affiliated national authorization list (user-uploaded PDF, as on 08-06-2023)"
Universal Waste Management,"Gala No. B-10, D. P. K. Compound, Khairani Road, Sakinaka, Mumbai - 400072",Maharashtra,E-waste recycler/dismantler,310,Authorized,"Official CPCB-affiliated national authorization list (user-uploaded PDF, as on 08-06-2023)"
Vatsala Enterprises,"Gut. No. 183-6, Village Rajapur, Tal. Sangamner, Dist. Ahmednagar",Maharashtra,E-waste recycler/dismantler,280,Authorized,"Official CPCB-affiliated national authorization list (user-uploaded PDF, as on 08-06-2023)"
Vora Computers Pvt. Ltd.,"1B, Lara Apartments, Sadhu Vaswani Chowk, Hotel Woodland Lane, 1/D/3, Tal. & Dist. Pune",Maharashtra,E-waste recycler/dismantler,50,Authorized,"Official CPCB-affiliated national authorization list (user-uploaded PDF, as on 08-06-2023)"
Wonder Print Technologies,"Plot No. M-36, MIDC Ambad, Dist. Nashik",Maharashtra,E-waste recycler/dismantler,300,Authorized,"Official CPCB-affiliated national authorization list (user-uploaded PDF, as on 08-06-2023)"
Yasin Scrap,"Gut No. 546, Shed No. 1, Jadhav Vasti, Village Wagholi, Tal. Haveli, Dist. Pune",Maharashtra,E-waste recycler/dismantler,200,Authorized,"Official CPCB-affiliated national authorization list (user-uploaded PDF, as on 08-06-2023)"
Unique Eco Recycle,"Plot No. 26, Industrial Area, Palda, Indore (Madhya Pradesh)",Madhya Pradesh,E-waste recycler/dismantler,6000,Authorized,"Official CPCB-affiliated national authorization list (user-uploaded PDF, as on 08-06-2023)"
Moonstar Enterprises Pvt. Ltd.,"Plot No. 24/A, 24/D, 24/A-1, 21/D, 21/E, 21/E-1, Sector-B, Sanwer Road, Industrial Area Indore (MP)",Madhya Pradesh,E-waste recycler/dismantler,3600,Authorized,"Official CPCB-affiliated national authorization list (user-uploaded PDF, as on 08-06-2023)"
Prometheus Recycling Private Limited,"786/4, 799/1, 800, Dilawar Ka pura, Susera, Tal: Gird Dist: Gwalior, SIDC",Madhya Pradesh,E-waste recycler/dismantler,4000,Authorized,"Official CPCB-affiliated national authorization list (user-uploaded PDF, as on 08-06-2023)"
Sani Clean (P) Ltd.,"Plot No. 802/947, at Tangiapada, Niala, Dist-Khurda",Orissa,E-waste recycler/dismantler,3000,Authorized,"Official CPCB-affiliated national authorization list (user-uploaded PDF, as on 08-06-2023)"
Varun infra Steel Pvt. Ltd.,"Plot No. 1991/3942, At/P.O. Brahmani Tarang, Vedvyas, Rourkela-769004, Dist-Sundargarh",Orissa,E-waste recycler/dismantler,730,Authorized,"Official CPCB-affiliated national authorization list (user-uploaded PDF, as on 08-06-2023)"
Jagannath E-Waste Recyclers,"At-Pinchuli, P.O. Purushottampur, Dist-Ganjam",Orissa,E-waste recycler/dismantler,500,Authorized,"Official CPCB-affiliated national authorization list (user-uploaded PDF, as on 08-06-2023)"
P K Enterprises,"Plot No.293/525, Khata No.127/4 At /P.O. Kalunga, Dist-Sundargarh",Orissa,E-waste recycler/dismantler,730,Authorized,"Official CPCB-affiliated national authorization list (user-uploaded PDF, as on 08-06-2023)"
Mirtunjai Udyog (Dismantler),"At-AA/2, Civil Township, Rourkela Distt- Sundargarh",Orissa,E-waste recycler/dismantler,730,Authorized,"Official CPCB-affiliated national authorization list (user-uploaded PDF, as on 08-06-2023)"
Cosmic Net,"B-25, Saheed Nagar, Bhubaneswar",Orissa,E-waste recycler/dismantler,360,Authorized,"Official CPCB-affiliated national authorization list (user-uploaded PDF, as on 08-06-2023)"
Ecokart Technology Pvt. Ltd.,"At/PO/Mouza-Kuradhamala, Daleiput, Dist-Khordha",Orissa,E-waste recycler/dismantler,3000,Authorized,"Official CPCB-affiliated national authorization list (user-uploaded PDF, as on 08-06-2023)"
Ramky Enviro Engineer Ltd.,"Vill. Nimbuan, Tehsil Dera Bassi, District SAS Nagar",Punjab,E-waste recycler/dismantler,1200,Authorized,"Official CPCB-affiliated national authorization list (user-uploaded PDF, as on 08-06-2023)"
Spreco Recycling,"D-45, Industrial Area, Focal Point, Raikot, District Ludhiana",Punjab,E-waste recycler/dismantler,240,Authorized,"Official CPCB-affiliated national authorization list (user-uploaded PDF, as on 08-06-2023)"
K.J. Recycler,"C-38, Sanjay Gandhi Nagar, Industrial Area, Jalandhar",Punjab,E-waste recycler/dismantler,600,Authorized,"Official CPCB-affiliated national authorization list (user-uploaded PDF, as on 08-06-2023)"
Black Diamond Cements Pvt. Ltd. (E-Waste Dismantling & Recycling Facility),"Village Humayunpur, Nariangarh Road, Tehsil Dera Bassi, District SAS Nagar",Punjab,E-waste recycler/dismantler,2400,Authorized,"Official CPCB-affiliated national authorization list (user-uploaded PDF, as on 08-06-2023)"
Cosmos Recycling,"Grewal Nagar, Street No. 2, VPO Hambran Jagroan, Ludhiana",Punjab,E-waste recycler/dismantler,450,Authorized,"Official CPCB-affiliated national authorization list (user-uploaded PDF, as on 08-06-2023)"
Stellar Recycling LLP,"Village Lakhowal (H.B.No.190), Tehsil & District Ludhiana",Punjab,E-waste recycler/dismantler,3600,Authorized,"Official CPCB-affiliated national authorization list (user-uploaded PDF, as on 08-06-2023)"
Kumar Enterprises,"Malerkotla Road, village dulladi, teh nabha, Distt. Patiala",Punjab,E-waste recycler/dismantler,1002,Authorized,"Official CPCB-affiliated national authorization list (user-uploaded PDF, as on 08-06-2023)"
Green Bird Recycling,"223, Hadbast, Vill. Magarh, Kohara Macchiwara Road, Ludhiana",Punjab,E-waste recycler/dismantler,600,Authorized,"Official CPCB-affiliated national authorization list (user-uploaded PDF, as on 08-06-2023)"
H.M.E-waste Management,"G1-226, RIICO Ind.Area, Kehrani Bhiwadi (Extn.) Tijara Distt-Alwar",Rajasthan,E-waste recycler/dismantler,895,Authorized,"Official CPCB-affiliated national authorization list (user-uploaded PDF, as on 08-06-2023)"
Dhruv Techengineers Pvt. Ltd.,"G-1209, Rampur mandana, Industrial Area, Bhiwadi, Alwar",Rajasthan,E-waste recycler/dismantler,2575,Authorized,"Official CPCB-affiliated national authorization list (user-uploaded PDF, as on 08-06-2023)"
Greenscape Eco Management Pvt. (Unit-II),F-588 & 591 MIA Alwar,Rajasthan,E-waste recycler/dismantler,49170,Authorized,"Official CPCB-affiliated national authorization list (user-uploaded PDF, as on 08-06-2023)"
Greenscape Eco Management Pvt Ltd,"F-584-585, MIA, Alwar",Rajasthan,E-waste recycler/dismantler,1200,Authorized,"Official CPCB-affiliated national authorization list (user-uploaded PDF, as on 08-06-2023)"
ETCO E-waste Recycler pvt. ltd,"SB-23, Shilp Bari Road, 1415 VKI Area, Jaipur",Rajasthan,E-waste recycler/dismantler,1446,Authorized,"Official CPCB-affiliated national authorization list (user-uploaded PDF, as on 08-06-2023)"
Universal E-Waste Recycling,"G1-117 (B), RIICO Industrial Area, Alwar",Rajasthan,E-waste recycler/dismantler,450,Authorized,"Official CPCB-affiliated national authorization list (user-uploaded PDF, as on 08-06-2023)"
Green Leaf Recycling Industries,"G-166-167, West part, RIICO Ind Area Bagru Jaipur",Rajasthan,E-waste recycler/dismantler,1380,Authorized,"Official CPCB-affiliated national authorization list (user-uploaded PDF, as on 08-06-2023)"
Shukla E-Waste Processors,"H-309 (B) RIICO Industrial Area, Bhiwadi, Tijara, Alwar",Rajasthan,E-waste recycler/dismantler,795,Authorized,"Official CPCB-affiliated national authorization list (user-uploaded PDF, as on 08-06-2023)"
Vasoo Metals (Division-III),"G-287, MIA, Alwar",Rajasthan,E-waste recycler/dismantler,822.67,Authorized,"Official CPCB-affiliated national authorization list (user-uploaded PDF, as on 08-06-2023)"
GS International,"G1-101, Shri Khatu Shyam Ji Ind. Complex, Ringus, Sikar",Rajasthan,E-waste recycler/dismantler,600,Authorized,"Official CPCB-affiliated national authorization list (user-uploaded PDF, as on 08-06-2023)"
Adatte E-Waste Management Pvt. Ltd.,"C6/23, Opposite to Post Office, Safdarganj Development Area, New Delhi",Rajasthan,E-waste recycler/dismantler,1825,Authorized,"Official CPCB-affiliated national authorization list (user-uploaded PDF, as on 08-06-2023)"
Green Recycling Waste Management,"J-983, RIICO Ind. Area, Chopanki, Tijara, Alwar",Rajasthan,E-waste recycler/dismantler,303,Authorized,"Official CPCB-affiliated national authorization list (user-uploaded PDF, as on 08-06-2023)"
PWL Ventures,"B137, Queen Road, Vidyut Nagar B, Jaipur (Plot no.- F142, Road no.-6, RIICO Ind. Area, Bindayka, Jaipur)",Rajasthan,E-waste recycler/dismantler,5000,Authorized,"Official CPCB-affiliated national authorization list (user-uploaded PDF, as on 08-06-2023)"
Green India Waste Management,"G-1/565, RIICO Ind. Area, Khuskhera, Tapukaa, Bhiwadi, Alwar",Rajasthan,E-waste recycler/dismantler,1200,Authorized,"Official CPCB-affiliated national authorization list (user-uploaded PDF, as on 08-06-2023)"
EPRAGATHI Recycling Pvt. Ltd.,"P.No. 29, SKS Industrial Area Ringus, Tehsil- Srimadhopur, Distt- Sikar- 332404",Rajasthan,E-waste recycler/dismantler,2400,Authorized,"Official CPCB-affiliated national authorization list (user-uploaded PDF, as on 08-06-2023)"
Hydro Engineers,"H1-929, RIICO Industrial Area, Chopanki, Bhiwadi, District- Alwar",Rajasthan,E-waste recycler/dismantler,450,Authorized,"Official CPCB-affiliated national authorization list (user-uploaded PDF, as on 08-06-2023)"
Urban Metals,"E-2118, Ramchandrapura RIICO Industrial area, Sitapura, Tehsil: Sanganer, District-Jaipur",Rajasthan,E-waste recycler/dismantler,480,Authorized,"Official CPCB-affiliated national authorization list (user-uploaded PDF, as on 08-06-2023)"
Fateh Enviro Lab,"Khasra No. 1036/14, Industrial Area, Jasol, Balotra, Barmer 344022",Rajasthan,E-waste recycler/dismantler,350,Authorized,"Official CPCB-affiliated national authorization list (user-uploaded PDF, as on 08-06-2023)"
Abaad Developers Private Limited,"G1-747, RIICO INDUSTRIAL AREA, CHOPANKI, BHIWADI, Alwar Rajasthan, 301019",Rajasthan,E-waste recycler/dismantler,700,Authorized,"Official CPCB-affiliated national authorization list (user-uploaded PDF, as on 08-06-2023)"
Green Web Recycling,"H1-865, Industrial Area, Manda-II, Chomu, Jaipur 303702",Rajasthan,E-waste recycler/dismantler,1050,Authorized,"Official CPCB-affiliated national authorization list (user-uploaded PDF, as on 08-06-2023)"
Eraw Waste Management LLP,"Plot no E-44, RIICO Industrial Area, Sarekhurd, Tijara, Alwar",Rajasthan,E-waste recycler/dismantler,1690,Authorized,"Official CPCB-affiliated national authorization list (user-uploaded PDF, as on 08-06-2023)"
Golden Green Recyclers,"G1-11, S.K.S. Industrial Area, Ringus, Sri Madhopur Ringus, Sikar 332404",Rajasthan,E-waste recycler/dismantler,750,Authorized,"Official CPCB-affiliated national authorization list (user-uploaded PDF, as on 08-06-2023)"
Vinay Traders,"F-241-242, RIICO Ind. Area, Palra, Ajmer",Rajasthan,E-waste recycler/dismantler,2500,Authorized,"Official CPCB-affiliated national authorization list (user-uploaded PDF, as on 08-06-2023)"
GPS International,"G1-119 Industrial Area Manda Phase-I, Chomu, Jaipur- 303712",Rajasthan,E-waste recycler/dismantler,900,Authorized,"Official CPCB-affiliated national authorization list (user-uploaded PDF, as on 08-06-2023)"
Greenlet Recyclers Private Limited,"Plot No G-15-G, Sotanala Industrial Area, Behror, Tehsil- Behror, District-Alwar",Rajasthan,E-waste recycler/dismantler,1500,Authorized,"Official CPCB-affiliated national authorization list (user-uploaded PDF, as on 08-06-2023)"
Marss Recycler Private Limited,"G-5 Industrial Area Manda, Tehsil-Chomu (E-168 Near Meena Krishi Farm Murlipura Scheme Jaipur- 302039)",Rajasthan,E-waste recycler/dismantler,700,Authorized,"Official CPCB-affiliated national authorization list (user-uploaded PDF, as on 08-06-2023)"
S.B.J. & Company,"F-137, Growth Centre, RIICO Industrial Area, Dholpur",Rajasthan,E-waste recycler/dismantler,876,Authorized,"Official CPCB-affiliated national authorization list (user-uploaded PDF, as on 08-06-2023)"
Tritech Systems,"No.165/3, Porur, Chennai- 116",Tamil Nadu,E-waste recycler/dismantler,420,Authorized,"Official CPCB-affiliated national authorization list (user-uploaded PDF, as on 08-06-2023)"
Genbruze Solutions Pvt. ltd.,"S. F. No. 9.28, 29pt, Athipattu Village, Ambattur Taluk, Chennai District",Tamil Nadu,E-waste recycler/dismantler,1100,Authorized,"Official CPCB-affiliated national authorization list (user-uploaded PDF, as on 08-06-2023)"
Ecosible Recyclers Pvt Ltd,"No.154A/B,8th Mahatma Gandhi Road, Tass Industrial Estate, Ambattur, Chennai - 600098",Tamil Nadu,E-waste recycler/dismantler,6000,Authorized,"Official CPCB-affiliated national authorization list (user-uploaded PDF, as on 08-06-2023)"
Green Era Recyclers,"37, Sivanandha Industries Estate, Dr. M.S. Udhayamurthy Nagar, Thadagam Road, Edayarpalayam, Coimbatore District - 641025",Tamil Nadu,E-waste recycler/dismantler,146,Authorized,"Official CPCB-affiliated national authorization list (user-uploaded PDF, as on 08-06-2023)"
Green India Recyclers,"SF. No. 26/1B, Kovilpalayam Road, Soolakal Village, Coimbatore District",Tamil Nadu,E-waste recycler/dismantler,456,Authorized,"Official CPCB-affiliated national authorization list (user-uploaded PDF, as on 08-06-2023)"
A. K. Enterprises,"No:12, Chakarapani St, Velacherry, Chennai-32",Tamil Nadu,E-waste recycler/dismantler,170,Authorized,"Official CPCB-affiliated national authorization list (user-uploaded PDF, as on 08-06-2023)"
Shri Raaam Recycling,"No. DP-29, SIDCO Industrial Estate, SIPCOT Industrial Complex, Gummidipoondi- 601201",Tamil Nadu,E-waste recycler/dismantler,504,Authorized,"Official CPCB-affiliated national authorization list (user-uploaded PDF, as on 08-06-2023)"
JADG India E-Waste Recyclers Pvt. Ltd.,"SF No. 256/1A1, Kollur Village, Kilikodi Post, Ponneri Taluk, Tiruvallur- 601206",Tamil Nadu,E-waste recycler/dismantler,600,Authorized,"Official CPCB-affiliated national authorization list (user-uploaded PDF, as on 08-06-2023)"
AER Worldwide india Pvt Ltd,"No.774, Elandandheri, sadayankuppam village, near andar kuppam Check Post, Manali New Town, Chennai - 600103",Tamil Nadu,E-waste recycler/dismantler,12000,Authorized,"Official CPCB-affiliated national authorization list (user-uploaded PDF, as on 08-06-2023)"
Abishek Enterprises,"SF No. 2G, 2nd Ambattur, Chennai-600098",Tamil Nadu,E-waste recycler/dismantler,6000,Authorized,"Official CPCB-affiliated national authorization list (user-uploaded PDF, as on 08-06-2023)"
Virogreen India Pvt. Ltd.,"No. 297/1B2, No. 49, Pappankuppam Village, SR Kandigai Road, Gummidipoondi Taluk, Tiruvallur-601201",Tamil Nadu,E-waste recycler/dismantler,15000,Authorized,"Official CPCB-affiliated national authorization list (user-uploaded PDF, as on 08-06-2023)"
Earth Sense Recycle Private Limited,"Survey No. 247, Kanttankulathur Panchayat, Thenmelpakkam Village, Singaperumal Kovil, Kanchipuram, Tamil Nadu- 603204",Tamil Nadu,E-waste recycler/dismantler,4248,Authorized,"Official CPCB-affiliated national authorization list (user-uploaded PDF, as on 08-06-2023)"
Envirogreen E waste recycling Solutions,"S.F.No. 2134, Plot No. 65, Palur Village, Chengalpattu Taluk & District",Tamil Nadu,E-waste recycler/dismantler,1900,Authorized,"Official CPCB-affiliated national authorization list (user-uploaded PDF, as on 08-06-2023)"
Leela Traders,"Plot No. C-15/1, CMDA Industrial Complex Maraimalai Nagar, Kancheepuram District",Tamil Nadu,E-waste recycler/dismantler,2640,Authorized,"Official CPCB-affiliated national authorization list (user-uploaded PDF, as on 08-06-2023)"
SEZ Recycling,"TP-7, IVth Avenue, mahindra World City Developers Limited, Industrial Estate, SEZ Area, Thenmelpakkam Village, Chengalpattu Taluk, Kancheepuram District",Tamil Nadu,E-waste recycler/dismantler,1500,Authorized,"Official CPCB-affiliated national authorization list (user-uploaded PDF, as on 08-06-2023)"
Trishyiraya Recycling India Pvt. Ltd.,"Plot No.A-7, Phase-I, MEPZ-SEZ, Tambaram, Chennai-600 045",Tamil Nadu,E-waste recycler/dismantler,3100,Authorized,"Official CPCB-affiliated national authorization list (user-uploaded PDF, as on 08-06-2023)"
S. P. P. Enterprises,"S. No. 184-4C, Mambakkam Village and Post Sriperumbudur Taluk Kanchipuram District",Tamil Nadu,E-waste recycler/dismantler,1080,Authorized,"Official CPCB-affiliated national authorization list (user-uploaded PDF, as on 08-06-2023)"
RBIA Minerals and Metals Pvt. Ltd.,"S. F. No. 205-1B2A, Knadur Village, Sriperumbudur Taluk, Kancheepuram District",Tamil Nadu,E-waste recycler/dismantler,1400,Authorized,"Official CPCB-affiliated national authorization list (user-uploaded PDF, as on 08-06-2023)"
Punithan Enterprises Unit-II,"No. 113/19 part, Rajiv Nagar, Peinjambakkam, Gundu Perumbedu Post SPR Talu, Kancheepuram Dt-601301",Tamil Nadu,E-waste recycler/dismantler,300,Authorized,"Official CPCB-affiliated national authorization list (user-uploaded PDF, as on 08-06-2023)"
K. P. P Enterprises,"No. 535-3C, Santhavellore Village, Sunguvarchatram Post, Sriperumbudur Taluk, Kancheepuram District",Tamil Nadu,E-waste recycler/dismantler,1000,Authorized,"Official CPCB-affiliated national authorization list (user-uploaded PDF, as on 08-06-2023)"
G S ENTERPRISES,"S.F NO:254/2A2A, evalurkuppam Village, Sriperumbudur Taluk, Kancheepuram Dist 602105",Tamil Nadu,E-waste recycler/dismantler,8400,Authorized,"Official CPCB-affiliated national authorization list (user-uploaded PDF, as on 08-06-2023)"
Enviro Metals Recyclers Private Limited (Aluminium Division),"S.No. 104 and 106, Ezichur Village, Sriperumbudur Tk, Kancheepuram District",Tamil Nadu,E-waste recycler/dismantler,12000,Authorized,"Official CPCB-affiliated national authorization list (user-uploaded PDF, as on 08-06-2023)"
World Scrap Recycling Solutions Pvt. Ltd.,"S. No. 351/7, Beemanthangal Village, Sriperumbudur Taluk, Kancheepuram District",Tamil Nadu,E-waste recycler/dismantler,720,Authorized,"Official CPCB-affiliated national authorization list (user-uploaded PDF, as on 08-06-2023)"
Green E Waste Private Limited,"S. F. No. 294/pt, Ayanambakkam Village, Poonamallee Taluk, Tiruvallur District",Tamil Nadu,E-waste recycler/dismantler,422,Authorized,"Official CPCB-affiliated national authorization list (user-uploaded PDF, as on 08-06-2023)"
Southern Alloys,"DP No. S-105 and 106, SIDCO Industrial Estate, Kakallur Village Taluk and District",Tamil Nadu,E-waste recycler/dismantler,540,Authorized,"Official CPCB-affiliated national authorization list (user-uploaded PDF, as on 08-06-2023)"
Micro E-Waste Recyclers,"SF No. 301/3, Varaganeri Village, Trichy East Taluk, Trichy District",Tamil Nadu,E-waste recycler/dismantler,900,Authorized,"Official CPCB-affiliated national authorization list (user-uploaded PDF, as on 08-06-2023)"
M. G. Traders,"No. 86, Nehru Street, Teachers Colony, Ambattur, Chennai - 600053",Tamil Nadu,E-waste recycler/dismantler,600,Authorized,"Official CPCB-affiliated national authorization list (user-uploaded PDF, as on 08-06-2023)"
Udhaya Traders,"No. 242, Tiny Sector Ambattur Industrial Estate, Chennai - 600058",Tamil Nadu,E-waste recycler/dismantler,84,Authorized,"Official CPCB-affiliated national authorization list (user-uploaded PDF, as on 08-06-2023)"
Victory Recovery & Recycle Technologies India Pvt. Ltd.,"672/2, Doubal Dragon Industrial Park, Kannur Village & Post Kottaiyur, Thiruvallur District - Tamil Nadu - 602 108",Tamil Nadu,E-waste recycler/dismantler,100,Authorized,"Official CPCB-affiliated national authorization list (user-uploaded PDF, as on 08-06-2023)"
TES AMM Private Limited,"Plot No.A-18, SIPCOT Industrial Growth, Centre Oragadam, Panruti 'A' Village, Sriperumpudur, Kanchipuram District Tamil Nadu - 630 304",Tamil Nadu,E-waste recycler/dismantler,30000,Authorized,"Official CPCB-affiliated national authorization list (user-uploaded PDF, as on 08-06-2023)"
Arockia Enterprises,"S.F.No.4/1E, Seevaram village, Sholinganallur taluk, Chennai - 600 097",Tamil Nadu,E-waste recycler/dismantler,216,Authorized,"Official CPCB-affiliated national authorization list (user-uploaded PDF, as on 08-06-2023)"
Ascent Urban Recyclers Pvt Limited,"SF No.62/1B, 2A2, Padur Road, Mevalurkuppam village, Sriperumbudur taluk, Kancheepuram district, Pin - 602 105",Tamil Nadu,E-waste recycler/dismantler,400,Authorized,"Official CPCB-affiliated national authorization list (user-uploaded PDF, as on 08-06-2023)"
Blooming Recyclers,"Plot. No. D9/2, SIDCO Industrial Estate, Maraimalai Nagar, Kizhikaranai village, Chengalpattu district",Tamil Nadu,E-waste recycler/dismantler,730,Authorized,"Official CPCB-affiliated national authorization list (user-uploaded PDF, as on 08-06-2023)"
E PROCESS House,"c/o Bharat Electronics Limited, SF No 3 & 10/1 Nanthambakkam village, Alandur taluk, Chengalpattu district",Tamil Nadu,E-waste recycler/dismantler,435,Authorized,"Official CPCB-affiliated national authorization list (user-uploaded PDF, as on 08-06-2023)"
INAA Enterprises,"DP No. AC-31/24, Thirumudivakkam village, Kundrathur taluk, Kancheepuram district",Tamil Nadu,E-waste recycler/dismantler,300,Authorized,"Official CPCB-affiliated national authorization list (user-uploaded PDF, as on 08-06-2023)"
John Firm,"SF No.144/1C2, Kerekodihalli village, Karimangalam taluk, Dharmapuri district",Tamil Nadu,E-waste recycler/dismantler,300,Authorized,"Official CPCB-affiliated national authorization list (user-uploaded PDF, as on 08-06-2023)"
KGN Electronics,"No.48 A, Dr Ambedkar College Road, Erukkenchery village, Perambur taluk, Chennai district",Tamil Nadu,E-waste recycler/dismantler,250,Authorized,"Official CPCB-affiliated national authorization list (user-uploaded PDF, as on 08-06-2023)"
Ponniamman Enterprises,"SF No. 216/3, Tiruvallur village, Tiruvallur taluk, Tiruvallur district",Tamil Nadu,E-waste recycler/dismantler,12000,Authorized,"Official CPCB-affiliated national authorization list (user-uploaded PDF, as on 08-06-2023)"
R.M Computers,"Plot No.229, 9th Street, Ambattur Chennai - 600098",Tamil Nadu,E-waste recycler/dismantler,228,Authorized,"Official CPCB-affiliated national authorization list (user-uploaded PDF, as on 08-06-2023)"
Sai Sri Waste Management Pvt Ltd,"SF No 443/1B2, 443/2A, Padaveedu village, Kumarapalayam taluk, Kumarapalayam district",Tamil Nadu,E-waste recycler/dismantler,1680,Authorized,"Official CPCB-affiliated national authorization list (user-uploaded PDF, as on 08-06-2023)"
SKV E-Waste Recycling Pvt Ltd,"Plot No.154 A&B, Tass Industrial Area, Ambattur SIDCO Industrial Estate, Chennai - 600 098",Tamil Nadu,E-waste recycler/dismantler,560,Authorized,"Official CPCB-affiliated national authorization list (user-uploaded PDF, as on 08-06-2023)"
Tharani Electronics Waste,"SF No.381/3pt, 381/2pt, 384/2pt, 384/3 pt, Sarkar Samakulam village, Annur taluk, Coimbatore district",Tamil Nadu,E-waste recycler/dismantler,207,Authorized,"Official CPCB-affiliated national authorization list (user-uploaded PDF, as on 08-06-2023)"
Earth Sense Recycle Pvt. Ltd.,"Plot No.37, APIIC Industrial park, Mankal (V), Maheswaram (M), Rangareddy District, Telangana- 501359",Telangana,E-waste recycler/dismantler,22775,Authorized,"Official CPCB-affiliated national authorization list (user-uploaded PDF, as on 08-06-2023)"
Z Enviro Industries Pvt. ltd.,"Pulimanmidi (V), Kandukur (M) Rangareddy District",Telangana,E-waste recycler/dismantler,30000,Authorized,"Official CPCB-affiliated national authorization list (user-uploaded PDF, as on 08-06-2023)"
Silicon Planet Recycling Pvt. Ltd.,"Sy. No.811/A, Ankireddypally (V) & Grampanchayat Keesara (M), Medchal Malkajgiri District",Telangana,E-waste recycler/dismantler,1000,Authorized,"Official CPCB-affiliated national authorization list (user-uploaded PDF, as on 08-06-2023)"
EnviroKare Recycling Solutions Pvt. Ltd.,"Sy. No. 402, Raikal (V), Farooqnagar (M), Rangareddy District",Telangana,E-waste recycler/dismantler,2549,Authorized,"Official CPCB-affiliated national authorization list (user-uploaded PDF, as on 08-06-2023)"
Shreem Mythri Enterprises,"Plot No.50, phase-III, IDA Cherlapally, kapra (M), Medchal-Malkajgiri District",Telangana,E-waste recycler/dismantler,3700,Authorized,"Official CPCB-affiliated national authorization list (user-uploaded PDF, as on 08-06-2023)"
Elifecycle Management Private Limited,"Sy. No. 468, 470, 471 & 472, Theegapur, Kothur Rangareddy District",Telangana,E-waste recycler/dismantler,18900,Authorized,"Official CPCB-affiliated national authorization list (user-uploaded PDF, as on 08-06-2023)"
Malpani Antenna Electronics Pvt. Ltd.,"Plot No. D4, Phase-I, IDA, Pashamailaram, Patancheru (M), Sangareddy District",Telangana,E-waste recycler/dismantler,687,Authorized,"Official CPCB-affiliated national authorization list (user-uploaded PDF, as on 08-06-2023)"
Green Wave E-waste Recycling,"Sy. No. 1880E, 1880EE, Nandigama (V&M), Rangareddy District",Telangana,E-waste recycler/dismantler,4680,Authorized,"Official CPCB-affiliated national authorization list (user-uploaded PDF, as on 08-06-2023)"
Pure Earth Recyclers Private Limited,"Sy. No.924, 994, Rudraram (V), Patancheruvu (M), Sangareddy District",Telangana,E-waste recycler/dismantler,5050,Authorized,"Official CPCB-affiliated national authorization list (user-uploaded PDF, as on 08-06-2023)"
Enviro Collection Centre (Dismantling Unit),"Plot No.1-185/2/A, Sy. NO.298 part, Phase-I, IDA Jeedimetla, Medchal-Malkajgiri District",Telangana,E-waste recycler/dismantler,720,Authorized,"Official CPCB-affiliated national authorization list (user-uploaded PDF, as on 08-06-2023)"
Ramky E-Waste Recycling Facility,"Hardware Park, kancha, Imarat of Raviryal (v), Maheswaram (M), Rangareddy District",Telangana,E-waste recycler/dismantler,7840,Authorized,"Official CPCB-affiliated national authorization list (user-uploaded PDF, as on 08-06-2023)"
Earthbox Ventures (p) Ltd. (E-waste Dismantling Unit),"Sy. Nos.29, 30, & 85, Uddemarri (V), Shamirpet (M), Medchal-Malkajgiri District",Telangana,E-waste recycler/dismantler,3600,Authorized,"Official CPCB-affiliated national authorization list (user-uploaded PDF, as on 08-06-2023)"
Bellus E Waste,"Sy.No.4-120, Ramachandra Puram (GP), Kondurg (M), Rangareddy District",Telangana,E-waste recycler/dismantler,3600,Authorized,"Official CPCB-affiliated national authorization list (user-uploaded PDF, as on 08-06-2023)"
Shreem Mythri Enterprises,"Plot No.50, phase-III, IDA Cherlapally, kapra (M), Medchal-Malkajgiri District",Telangana,E-waste recycler/dismantler,600,Authorized,"Official CPCB-affiliated national authorization list (user-uploaded PDF, as on 08-06-2023)"
Earthbox Recycling Private Limited,"Sy No 114/1, plot no s-2/12, Raviryala Grampanchayat, Maheshwaram (V & M), Rangareddy District",Telangana,E-waste recycler/dismantler,2340,Authorized,"Official CPCB-affiliated national authorization list (user-uploaded PDF, as on 08-06-2023)"
TES-AMM India Pvt. Ltd,"Plot no 79, Sy no 847, IDA Medchal, Medchal (M), Medchal-Malkajgiri District",Telangana,E-waste recycler/dismantler,1800,Authorized,"Official CPCB-affiliated national authorization list (user-uploaded PDF, as on 08-06-2023)"
Kamal Electronics Refurbishing of E-waste Solutions,"Sy No: 227/LU, 227/E1m 227/E2, 227/E/2/1 Atmakur (V) Sadasivpet (M), Sangareddu District",Telangana,E-waste recycler/dismantler,13680,Authorized,"Official CPCB-affiliated national authorization list (user-uploaded PDF, as on 08-06-2023)"
Chilkuri Enterprises,"Sy No.14, Keesara (M), Medchal-Malkajgiri District",Telangana,E-waste recycler/dismantler,540,Authorized,"Official CPCB-affiliated national authorization list (user-uploaded PDF, as on 08-06-2023)"
Reboot Resources Private Limited,"Sy. No.113 Part, Patelguda (V), Ibrahimpatnam (M), Rangareddy District",Telangana,E-waste recycler/dismantler,9468,Authorized,"Official CPCB-affiliated national authorization list (user-uploaded PDF, as on 08-06-2023)"
Green Enviro E Waste Recycling,"Sy. No. 729, Pochampally (V), B. Pochampally (M), Yadadri Bhuvanagiri District",Telangana,E-waste recycler/dismantler,8740,Authorized,"Official CPCB-affiliated national authorization list (user-uploaded PDF, as on 08-06-2023)"
Recytronics Waste Solutions LLP,"Sy.No.96/Part/C, Patelguda, Mangalpalle (V), Ibrahimpatnam (M), Rangareddy District",Telangana,E-waste recycler/dismantler,4680,Authorized,"Official CPCB-affiliated national authorization list (user-uploaded PDF, as on 08-06-2023)"
Exclusive PC World,"Plot No.30/9, Sy.No.460/2, TSIIC, IDA Mankhal, Maheshwaram (M), Rangareddy District",Telangana,E-waste recycler/dismantler,446,Authorized,"Official CPCB-affiliated national authorization list (user-uploaded PDF, as on 08-06-2023)"
Ali Traders,"Sy.No.491/2, Alampally (V), Vikarabad(M), Vikarabad District",Telangana,E-waste recycler/dismantler,720,Authorized,"Official CPCB-affiliated national authorization list (user-uploaded PDF, as on 08-06-2023)"
Auctus - E Recycling Solutions Pvt. Ltd.,"F-637, M. G. Road, Industrial Area, Ghaziabad",Uttar Pradesh,E-waste recycler/dismantler,1800,Authorized,"Official CPCB-affiliated national authorization list (user-uploaded PDF, as on 08-06-2023)"
Mahaluxmi metal Alloys (India) Pvt. Ltd.,"Modinagar, Ghaziabad",Uttar Pradesh,E-waste recycler/dismantler,30000,Authorized,"Official CPCB-affiliated national authorization list (user-uploaded PDF, as on 08-06-2023)"
N.K. Products,"58-59, M. G. Road, Ghaziabad",Uttar Pradesh,E-waste recycler/dismantler,9000,Authorized,"Official CPCB-affiliated national authorization list (user-uploaded PDF, as on 08-06-2023)"
Bharat Oil Co.,"E-18, Site - IV, Sahibabad, Industrial Area, Ghaziabad",Uttar Pradesh,E-waste recycler/dismantler,4000,Authorized,"Official CPCB-affiliated national authorization list (user-uploaded PDF, as on 08-06-2023)"
Plant Green Recycling Pvt. Limited,"G-129, Phase - I, M.G. Road, Ghaziabad",Uttar Pradesh,E-waste recycler/dismantler,1500,Authorized,"Official CPCB-affiliated national authorization list (user-uploaded PDF, as on 08-06-2023)"
Rocket Sales,"Plot No. 1-12, I/A, M. G. Road, Hapur",Uttar Pradesh,E-waste recycler/dismantler,300,Authorized,"Official CPCB-affiliated national authorization list (user-uploaded PDF, as on 08-06-2023)"
Ariglonton Information System Pvt. Ltd.,"Plot No C-13, Site-4 Sahibabad Industrial Area Ghaziabad",Uttar Pradesh,E-waste recycler/dismantler,40000,Authorized,"Official CPCB-affiliated national authorization list (user-uploaded PDF, as on 08-06-2023)"
Fiz Trading Company,"C55, Sector-B-3, Trans Delhi Signature City Tronica City, Loni, Ghaziabad",Uttar Pradesh,E-waste recycler/dismantler,365,Authorized,"Official CPCB-affiliated national authorization list (user-uploaded PDF, as on 08-06-2023)"
Tele Supar Electronics India Pvt Ltd,"B-15, Roop Nagar Industrial Area, Loni Ghaziabad, 201102",Uttar Pradesh,E-waste recycler/dismantler,730,Authorized,"Official CPCB-affiliated national authorization list (user-uploaded PDF, as on 08-06-2023)"
R.R. Recycler Pvt. Ltd.,"Khasra No.-115, M, Vill- Achraunda, Tehsil & District- Meerut",Uttar Pradesh,E-waste recycler/dismantler,8000,Authorized,"Official CPCB-affiliated national authorization list (user-uploaded PDF, as on 08-06-2023)"
6R Recycling,"Plot No-272, MG Road industrial area, Hapur",Uttar Pradesh,E-waste recycler/dismantler,12000,Authorized,"Official CPCB-affiliated national authorization list (user-uploaded PDF, as on 08-06-2023)"
3R Recycler Pvt Ltd. (Unit 2),"Plot No. A-61/2, UPSIDC Industrial Area, Sikandrabad, Bulandshahar - 203202 Uttar Pradesh",Uttar Pradesh,E-waste recycler/dismantler,25000,Authorized,"Official CPCB-affiliated national authorization list (user-uploaded PDF, as on 08-06-2023)"
Circularity Solutions Private Limited (M/s. Karo Sambhav Pvt. Ltd.),"Khasra 95-96, Village-Sikhera, Hazazari Industrial Area, Modinagar, Ghaziabad",Uttar Pradesh,E-waste recycler/dismantler,30000,Authorized,"Official CPCB-affiliated national authorization list (user-uploaded PDF, as on 08-06-2023)"
Ozone Waste LLP,"Plot No.- C-25, Upsidc, M.G. Road, Industrial Area, Hapur",Uttar Pradesh,E-waste recycler/dismantler,6000,Authorized,"Official CPCB-affiliated national authorization list (user-uploaded PDF, as on 08-06-2023)"
Arsh Recycling Pvt. Ltd.,"Plot No. 203, UPSDIC, I/A, M/G. Road, Ghaziabad",Uttar Pradesh,E-waste recycler/dismantler,15000,Authorized,"Official CPCB-affiliated national authorization list (user-uploaded PDF, as on 08-06-2023)"
Auctus Recycling Solutions Pvt. Ltd,"Habibpur, Greater Noida",Uttar Pradesh,E-waste recycler/dismantler,20000,Authorized,"Official CPCB-affiliated national authorization list (user-uploaded PDF, as on 08-06-2023)"
Khan Traders,"B-5, Site No. 4, Panki Ind. Area, Kanpur",Uttar Pradesh,E-waste recycler/dismantler,7190,Authorized,"Official CPCB-affiliated national authorization list (user-uploaded PDF, as on 08-06-2023)"
Green Tech Recycling,"Khasra No. 645, Acchraunds, Bahdurpur Road, Partapur, Meerut",Uttar Pradesh,E-waste recycler/dismantler,9000,Authorized,"Official CPCB-affiliated national authorization list (user-uploaded PDF, as on 08-06-2023)"
Narora Atomic Power Station,"Narora, Bulandshahar",Uttar Pradesh,E-waste recycler/dismantler,10,Authorized,"Official CPCB-affiliated national authorization list (user-uploaded PDF, as on 08-06-2023)"
Metal Alloys,"E-46, Industrial Area, Ramnagar, Varanasi",Uttar Pradesh,E-waste recycler/dismantler,1825,Authorized,"Official CPCB-affiliated national authorization list (user-uploaded PDF, as on 08-06-2023)"
Comwen Information Technologies Pvt.Ltd.,"127/35B, ChakRagunath, Naini, Allahabad",Uttar Pradesh,E-waste recycler/dismantler,300,Authorized,"Official CPCB-affiliated national authorization list (user-uploaded PDF, as on 08-06-2023)"
Oasia Eco E-Waste Recyclers,"E-160, Industrial Area, Khalilabad, Sant Kabairnagar",Uttar Pradesh,E-waste recycler/dismantler,3000,Authorized,"Official CPCB-affiliated national authorization list (user-uploaded PDF, as on 08-06-2023)"
Sims Recycling Solutions,"Plot No. 1, Udyog Kendrall Ecotech-III, Greater Noida",Uttar Pradesh,E-waste recycler/dismantler,1250,Authorized,"Official CPCB-affiliated national authorization list (user-uploaded PDF, as on 08-06-2023)"
J.A.O. E-Waste Recycling Co,"Vill-Jaitpur, Distt-Moradabad",Uttar Pradesh,E-waste recycler/dismantler,720,Authorized,"Official CPCB-affiliated national authorization list (user-uploaded PDF, as on 08-06-2023)"
HIN Green E-Waste Recycling Co.,"Vill-Jaitpur, Distt-Moradabad",Uttar Pradesh,E-waste recycler/dismantler,750,Authorized,"Official CPCB-affiliated national authorization list (user-uploaded PDF, as on 08-06-2023)"
S.R. Metcast India (P) Ltd,"11.8 Km. Agra Mathura Road, Agra",Uttar Pradesh,E-waste recycler/dismantler,600,Authorized,"Official CPCB-affiliated national authorization list (user-uploaded PDF, as on 08-06-2023)"
K.M. Metals Suppliers,"9/270,271, Mathura Agra",Uttar Pradesh,E-waste recycler/dismantler,5000,Authorized,"Official CPCB-affiliated national authorization list (user-uploaded PDF, as on 08-06-2023)"
Prakash Metal House,"39/223, Karwan Lohamandi, Agra",Uttar Pradesh,E-waste recycler/dismantler,1500,Authorized,"Official CPCB-affiliated national authorization list (user-uploaded PDF, as on 08-06-2023)"
Shree MahaveerJi Trading Company,"30/127, Chippitala, Agra",Uttar Pradesh,E-waste recycler/dismantler,375,Authorized,"Official CPCB-affiliated national authorization list (user-uploaded PDF, as on 08-06-2023)"
E-Waste Recyclers India,"E-50, UPSIDC Industrial Area, 98Km Stone, NH-2, Kosi Kotwan, Mathura",Uttar Pradesh,E-waste recycler/dismantler,6000,Authorized,"Official CPCB-affiliated national authorization list (user-uploaded PDF, as on 08-06-2023)"
E-Waste Recyclers Industries,"K40, UPSIDC Industrial area, NH-2 Kosikalan, Mahura",Uttar Pradesh,E-waste recycler/dismantler,150,Authorized,"Official CPCB-affiliated national authorization list (user-uploaded PDF, as on 08-06-2023)"
Supar Trading Company,"Plot No.-3 Govt. Industrial Estate, Talkatora Road, Lucknow",Uttar Pradesh,E-waste recycler/dismantler,365,Authorized,"Official CPCB-affiliated national authorization list (user-uploaded PDF, as on 08-06-2023)"
V. R. Techno Enviro Services Pvt. Ltd.,"Khasra No. 440, Indira Priyedarshni Ward Jarhra Indira Nagar Lucknow",Uttar Pradesh,E-waste recycler/dismantler,365,Authorized,"Official CPCB-affiliated national authorization list (user-uploaded PDF, as on 08-06-2023)"
Greenzon Recycling Pvt. Ltd.,"R 30, UPSIDC, Industrial Area, Sikandrabad, Bulandshahar",Uttar Pradesh,E-waste recycler/dismantler,6022,Authorized,"Official CPCB-affiliated national authorization list (user-uploaded PDF, as on 08-06-2023)"
Sachin Enterprises,"123/751, block-T 74 Pratapganj Gadariyan Purwa, Fazalgang, Kanpur",Uttar Pradesh,E-waste recycler/dismantler,2500,Authorized,"Official CPCB-affiliated national authorization list (user-uploaded PDF, as on 08-06-2023)"
Greeniva Recycler Pvt. ltd.,"Plot No. G-284, M.G. Road, Industrial Area, Hapur",Uttar Pradesh,E-waste recycler/dismantler,780,Authorized,"Official CPCB-affiliated national authorization list (user-uploaded PDF, as on 08-06-2023)"
S. Malik Traders,"plot No.93, 94 vill-Budhera jahidpur, Meerut",Uttar Pradesh,E-waste recycler/dismantler,365,Authorized,"Official CPCB-affiliated national authorization list (user-uploaded PDF, as on 08-06-2023)"
Royal Faiz Recycling (P) Ltd,"I-22, I.A.M.G. Road, Hapur",Uttar Pradesh,E-waste recycler/dismantler,12000,Authorized,"Official CPCB-affiliated national authorization list (user-uploaded PDF, as on 08-06-2023)"
3 C Recycler,"F-326, I/A, M. G. Road, Hapur",Uttar Pradesh,E-waste recycler/dismantler,3240,Authorized,"Official CPCB-affiliated national authorization list (user-uploaded PDF, as on 08-06-2023)"
Life E-Recycling (p) Ltd.,"F-435, UPSIDC I/A, M. G. Road, Hapur",Uttar Pradesh,E-waste recycler/dismantler,9000,Authorized,"Official CPCB-affiliated national authorization list (user-uploaded PDF, as on 08-06-2023)"
Hind Recycler (p) Ltd.,"Plot No.F-203, M.G. Road, Hapur",Uttar Pradesh,E-waste recycler/dismantler,9000,Authorized,"Official CPCB-affiliated national authorization list (user-uploaded PDF, as on 08-06-2023)"
Hayat Recycler,"F-53,54 I/A, M.G. Road, Hapur",Uttar Pradesh,E-waste recycler/dismantler,1728,Authorized,"Official CPCB-affiliated national authorization list (user-uploaded PDF, as on 08-06-2023)"
B.R.P. Infotech Private Limited,"F-394, Phase-1, M. G. Road, Industrial Area, Hapur",Uttar Pradesh,E-waste recycler/dismantler,9000,Authorized,"Official CPCB-affiliated national authorization list (user-uploaded PDF, as on 08-06-2023)"
Sky Green Waste Recycling Management,"Khasra No.174, Alipur Jijmana, Meerut, U.P",Uttar Pradesh,E-waste recycler/dismantler,5475,Authorized,"Official CPCB-affiliated national authorization list (user-uploaded PDF, as on 08-06-2023)"
Swachh Bharat Recycling Company,"Gali No.4, 2083, Saipuram Industrial Area, Delhi Road, Meerut, U.P.",Uttar Pradesh,E-waste recycler/dismantler,4800,Authorized,"Official CPCB-affiliated national authorization list (user-uploaded PDF, as on 08-06-2023)"
Rudra Interprises,"Plot No.A-96, Sector A-4, Tronica City, Loni, Ghaziabad",Uttar Pradesh,E-waste recycler/dismantler,500,Authorized,"Official CPCB-affiliated national authorization list (user-uploaded PDF, as on 08-06-2023)"
Avgree Recycling Pvt.Ltd.,"KH No.549, Vill-Tiyala, Meerut-Bulandshahar Road, Hapur Bypass, Hapur",Uttar Pradesh,E-waste recycler/dismantler,11000,Authorized,"Official CPCB-affiliated national authorization list (user-uploaded PDF, as on 08-06-2023)"
Faiz Recycling,"G-235, MG Road, Industrial Area, Hapur",Uttar Pradesh,E-waste recycler/dismantler,36.67,Authorized,"Official CPCB-affiliated national authorization list (user-uploaded PDF, as on 08-06-2023)"
Malik Recycling,"25-A, Anand Ind. Estate, Mohan Nagar, Ghaziabad",Uttar Pradesh,E-waste recycler/dismantler,10000,Authorized,"Official CPCB-affiliated national authorization list (user-uploaded PDF, as on 08-06-2023)"
U.W.M. Recycling Pvt Ltd.,"Plot No.-F-331, UPSIDC, M.G. road, Ind Area, Hapur",Uttar Pradesh,E-waste recycler/dismantler,12,Authorized,"Official CPCB-affiliated national authorization list (user-uploaded PDF, as on 08-06-2023)"
Safdar E-Recycling Pvt Ltd.,"Plot No.H-69, M.G. road, Ind Area, Hapur",Uttar Pradesh,E-waste recycler/dismantler,12000,Authorized,"Official CPCB-affiliated national authorization list (user-uploaded PDF, as on 08-06-2023)"
Horizon Recycling Pvt.Ltd.,"Khasra No.35, Kumarhera, 7th km Dehradun road, Saharanpur, U.P.",Uttar Pradesh,E-waste recycler/dismantler,12000,Authorized,"Official CPCB-affiliated national authorization list (user-uploaded PDF, as on 08-06-2023)"
Golden E Waste Recyclers Pvt. ltd.,"Plot No.-12A, Gagol Road, Behind Sophia School, Udyog Puram, Partapur, Meerut",Uttar Pradesh,E-waste recycler/dismantler,9600,Authorized,"Official CPCB-affiliated national authorization list (user-uploaded PDF, as on 08-06-2023)"
R.D Recylers,khasara no-46 village-shakharpur Hapur road Meerut,Uttar Pradesh,E-waste recycler/dismantler,300,Authorized,"Official CPCB-affiliated national authorization list (user-uploaded PDF, as on 08-06-2023)"
Earth Zone Recycling,Plot no-11 pargana-Hazipur Hapur road meerut,Uttar Pradesh,E-waste recycler/dismantler,2400,Authorized,"Official CPCB-affiliated national authorization list (user-uploaded PDF, as on 08-06-2023)"
Making India E-waste recycling management,plot no-50 sector-3 Shatabdi nagar industrial Area meerut,Uttar Pradesh,E-waste recycler/dismantler,1080,Authorized,"Official CPCB-affiliated national authorization list (user-uploaded PDF, as on 08-06-2023)"
Indian Recycler,Khasra No338 Vill-Wazidpur Kavali Jansath Muzaffarnagar,Uttar Pradesh,E-waste recycler/dismantler,3500,Authorized,"Official CPCB-affiliated national authorization list (user-uploaded PDF, as on 08-06-2023)"
Greentek Reman Pvt Ltd.,"Plot No-B-2/12,Site-B Inds Area Surajpur, Greater Noida",Uttar Pradesh,E-waste recycler/dismantler,9000,Authorized,"Official CPCB-affiliated national authorization list (user-uploaded PDF, as on 08-06-2023)"
Clean Waste Management,"Plot No-131, Udhyog kendra Second, Ecotech-3, Greater Noida",Uttar Pradesh,E-waste recycler/dismantler,100,Authorized,"Official CPCB-affiliated national authorization list (user-uploaded PDF, as on 08-06-2023)"
El green Recycling Pvt ltd.,"G-33, Sec-63, Noida",Uttar Pradesh,E-waste recycler/dismantler,100,Authorized,"Official CPCB-affiliated national authorization list (user-uploaded PDF, as on 08-06-2023)"
AIMS Technologies Pvt Ltd.,"G-256, MG Road Inds area, Hapur",Uttar Pradesh,E-waste recycler/dismantler,1500,Authorized,"Official CPCB-affiliated national authorization list (user-uploaded PDF, as on 08-06-2023)"
Future Web,"48-A, Harthala Inds Area, Kanth Road, Moradabad",Uttar Pradesh,E-waste recycler/dismantler,750,Authorized,"Official CPCB-affiliated national authorization list (user-uploaded PDF, as on 08-06-2023)"
Buddha Industries,"Behind vision Exports Faridpur Sambhal Road, Moradabad",Uttar Pradesh,E-waste recycler/dismantler,250,Authorized,"Official CPCB-affiliated national authorization list (user-uploaded PDF, as on 08-06-2023)"
Latoori Shah Traders,"Gata No1396, Bhojpur, Dharampur, Moradabad",Uttar Pradesh,E-waste recycler/dismantler,1200,Authorized,"Official CPCB-affiliated national authorization list (user-uploaded PDF, as on 08-06-2023)"
Shoeb Waste solution,"Gata No250, Vill-Fazalpur, Near Hindoli, Chadausi, Sambhal",Uttar Pradesh,E-waste recycler/dismantler,600,Authorized,"Official CPCB-affiliated national authorization list (user-uploaded PDF, as on 08-06-2023)"
NR E-Waste Company,"Gata No235,237,245, 250K Vill-Sirsa, Inayatpur, Moradabad",Uttar Pradesh,E-waste recycler/dismantler,750,Authorized,"Official CPCB-affiliated national authorization list (user-uploaded PDF, as on 08-06-2023)"
Eco Trader,"Plot no.454, Rooma, Kanpur",Uttar Pradesh,E-waste recycler/dismantler,100,Authorized,"Official CPCB-affiliated national authorization list (user-uploaded PDF, as on 08-06-2023)"
"Aseries Envirotek India Pvt, Ltd","Plot no. B-10 Industrial area, Salon, Raebareli",Uttar Pradesh,E-waste recycler/dismantler,3600,Authorized,"Official CPCB-affiliated national authorization list (user-uploaded PDF, as on 08-06-2023)"
ATR Traders Private Limited,"G380, M.G.Road, Industrial Area, Hapur Ghaziabad",Uttar Pradesh,E-waste recycler/dismantler,2400,Authorized,"Official CPCB-affiliated national authorization list (user-uploaded PDF, as on 08-06-2023)"
Electronic Waste India,"Vill Khujnawar Chutmalpur, Kalasia Road Teh.-Behat, Saharanpur",Uttar Pradesh,E-waste recycler/dismantler,9000,Authorized,"Official CPCB-affiliated national authorization list (user-uploaded PDF, as on 08-06-2023)"
Eco Green India,"Khasra no.-447, Vill-Ghosipur, Hapur Road, Meerut",Uttar Pradesh,E-waste recycler/dismantler,365,Authorized,"Official CPCB-affiliated national authorization list (user-uploaded PDF, as on 08-06-2023)"
S.D. Recycling Process Industries,"Khasra no.-51, 52, Vill- Shakarpur, Hapur Road, Meerut",Uttar Pradesh,E-waste recycler/dismantler,4800,Authorized,"Official CPCB-affiliated national authorization list (user-uploaded PDF, as on 08-06-2023)"
HIN Green E-waste Recycling (P) Ltd,"Khasra no.-733,737, Vill.- Baral, Partapur, Meerut",Uttar Pradesh,E-waste recycler/dismantler,12000,Authorized,"Official CPCB-affiliated national authorization list (user-uploaded PDF, as on 08-06-2023)"
J I Scrap Traders,"Plot no. 418/12, Shastrinagar, Meerut",Uttar Pradesh,E-waste recycler/dismantler,240,Authorized,"Official CPCB-affiliated national authorization list (user-uploaded PDF, as on 08-06-2023)"
E Tech Interprises,"Plot no.-E-26, Phase-I/ G322 Phase-II, M.G.Road, Industrial Area, Hapur",Uttar Pradesh,E-waste recycler/dismantler,2520,Authorized,"Official CPCB-affiliated national authorization list (user-uploaded PDF, as on 08-06-2023)"
Habib Trading Company,"Khasra no-28, Village-Alipur, Jijmana, Pargana & Tehsil-Meerut",Uttar Pradesh,E-waste recycler/dismantler,5400,Authorized,"Official CPCB-affiliated national authorization list (user-uploaded PDF, as on 08-06-2023)"
B.R.P. Infotech Private Limited,"F-381, Phase-I, M.G.Road, Industrial Area, Hapur",Uttar Pradesh,E-waste recycler/dismantler,6000,Authorized,"Official CPCB-affiliated national authorization list (user-uploaded PDF, as on 08-06-2023)"
Recology Recycling India Pvt. Ltd.,"Khasra no.-69, 70,71, Vill-Piple Kheda, Sargana Sarawa Meerut, Meerut",Uttar Pradesh,E-waste recycler/dismantler,13764,Authorized,"Official CPCB-affiliated national authorization list (user-uploaded PDF, as on 08-06-2023)"
Bright E-Waste Recycling India,"Village-Ganeshpur, Mawana, Meerut",Uttar Pradesh,E-waste recycler/dismantler,3240,Authorized,"Official CPCB-affiliated national authorization list (user-uploaded PDF, as on 08-06-2023)"
Sheetala Waste Management Project,"Plot no.-D-26, Sikandrabad Indl. Area, Tehsil-Sikandrabad, Bulandshahar",Uttar Pradesh,E-waste recycler/dismantler,3000,Authorized,"Official CPCB-affiliated national authorization list (user-uploaded PDF, as on 08-06-2023)"
Spreco Resource Recyclers,"Khasara no.-235, Vill-Abdulpur, Block- Khekra, Baghpat, Meerut- 250101",Uttar Pradesh,E-waste recycler/dismantler,3000,Authorized,"Official CPCB-affiliated national authorization list (user-uploaded PDF, as on 08-06-2023)"
Hind Recycling Pvt. Ltd.,"G-460, UPSIDC, Industrial Area M.G.Road, Hapur",Uttar Pradesh,E-waste recycler/dismantler,960,Authorized,"Official CPCB-affiliated national authorization list (user-uploaded PDF, as on 08-06-2023)"
Eco Fly E-Waste Recycling Pvt. Ltd.,"Khasara no-26, Piplikhera, Bhamanpur Road, Indl. Area, Meerut",Uttar Pradesh,E-waste recycler/dismantler,7800,Authorized,"Official CPCB-affiliated national authorization list (user-uploaded PDF, as on 08-06-2023)"
Green Earth E-Recycling,"F-95, UPSIDC, Industrial Area, Gopalpur Sikandrabad, Bulandshahar",Uttar Pradesh,E-waste recycler/dismantler,6000,Authorized,"Official CPCB-affiliated national authorization list (user-uploaded PDF, as on 08-06-2023)"
Waste Tech Recycling Company,"Plot no HD-7, UPSIDC, Industrial Area, Sikandrabad, Bulandshahar",Uttar Pradesh,E-waste recycler/dismantler,1800,Authorized,"Official CPCB-affiliated national authorization list (user-uploaded PDF, as on 08-06-2023)"
LIMR Recycling Pvt. Ltd.,"G-256, Industrial Area, M.G.Road, Hapur",Uttar Pradesh,E-waste recycler/dismantler,6000,Authorized,"Official CPCB-affiliated national authorization list (user-uploaded PDF, as on 08-06-2023)"
Sky Green Waste Recycling Management,"Khasra No.-51, 53,54,66,20,21, Vill.-Piplikhera, Hapur Road, Indl. Area, Meerut",Uttar Pradesh,E-waste recycler/dismantler,9000,Authorized,"Official CPCB-affiliated national authorization list (user-uploaded PDF, as on 08-06-2023)"
D M Recyclers,"Vill.-Phaphunda, Hapur Road, Meerut",Uttar Pradesh,E-waste recycler/dismantler,750,Authorized,"Official CPCB-affiliated national authorization list (user-uploaded PDF, as on 08-06-2023)"
Global Green E-Waste Recycling,"Khasra No.-57, Indl. Area, Udhyogpuram, Partapur, Meerut",Uttar Pradesh,E-waste recycler/dismantler,18000,Authorized,"Official CPCB-affiliated national authorization list (user-uploaded PDF, as on 08-06-2023)"
Anshul Machinery Job Works (Unit-II),"Khasra No.-260, Masuri, Dasna, Hapur",Uttar Pradesh,E-waste recycler/dismantler,5000,Authorized,"Official CPCB-affiliated national authorization list (user-uploaded PDF, as on 08-06-2023)"
Shiv Shakti metals (Old Name Surya Metal),"Khasra No.-545, Vill-Phaphrana, S. P. Industrial Area, Modi Nagar, Ghaziabad",Uttar Pradesh,E-waste recycler/dismantler,963,Authorized,"Official CPCB-affiliated national authorization list (user-uploaded PDF, as on 08-06-2023)"
Waste PRO Recycling,"Khasra No 35 And 36, Udayrampur, Nangla, Dasna, Tehsil-Dhaulana, Hapur",Uttar Pradesh,E-waste recycler/dismantler,6000,Authorized,"Official CPCB-affiliated national authorization list (user-uploaded PDF, as on 08-06-2023)"
S F Recycling Pvt Ltd,"Plot No. F-4, M.G. Road, Industrial Area, Hapur",Uttar Pradesh,E-waste recycler/dismantler,960,Authorized,"Official CPCB-affiliated national authorization list (user-uploaded PDF, as on 08-06-2023)"
More Bright E Waste Erecycler P. Ltd.,"C-78, Phase-III, M. G. Road, Indtl Area, Hapur",Uttar Pradesh,E-waste recycler/dismantler,4320,Authorized,"Official CPCB-affiliated national authorization list (user-uploaded PDF, as on 08-06-2023)"
Green Zone Recycling (P) Ltd.,"Plot No.-H.D.-6, UPSIDC Indl. Area, Sikandrabad, Bulandshahr",Uttar Pradesh,E-waste recycler/dismantler,3000,Authorized,"Official CPCB-affiliated national authorization list (user-uploaded PDF, as on 08-06-2023)"
Green Earth Recycler,"Plot No. F-557, Industrial Areal, M G Road, Hapur",Uttar Pradesh,E-waste recycler/dismantler,720,Authorized,"Official CPCB-affiliated national authorization list (user-uploaded PDF, as on 08-06-2023)"
A One E Waste Recycling,"Vill.-Khardoni, Shekhupur, Meerut",Uttar Pradesh,E-waste recycler/dismantler,301.8,Authorized,"Official CPCB-affiliated national authorization list (user-uploaded PDF, as on 08-06-2023)"
Sun E-Waste Recycling Company,"F-163, Industrial Area, Kosi Kotwan, Ext.-1, Kosi Kalan, Mathura",Uttar Pradesh,E-waste recycler/dismantler,1200,Authorized,"Official CPCB-affiliated national authorization list (user-uploaded PDF, as on 08-06-2023)"
Ezwaste Recycling,"Khasra No.-38, Vill.-Sardhan, Budhana Road, Khatauli, Muzaffarnagar",Uttar Pradesh,E-waste recycler/dismantler,3000,Authorized,"Official CPCB-affiliated national authorization list (user-uploaded PDF, as on 08-06-2023)"
Sri Balaji,"Arazi No.-316/7, Vill.-Kataria, Pargana-Ralhupur, Distt.-Chandauli",Uttar Pradesh,E-waste recycler/dismantler,5000,Authorized,"Official CPCB-affiliated national authorization list (user-uploaded PDF, as on 08-06-2023)"
A Q Recycling,"Plot No-F-639, UPSIDC, Industrial Area, M. G. Road, Hapur",Uttar Pradesh,E-waste recycler/dismantler,864,Authorized,"Official CPCB-affiliated national authorization list (user-uploaded PDF, as on 08-06-2023)"
Rajdhani Recycling P. Ltd.,"Plot No. F-416, M. G. Road, Indutrial Area, Hapur",Uttar Pradesh,E-waste recycler/dismantler,3600,Authorized,"Official CPCB-affiliated national authorization list (user-uploaded PDF, as on 08-06-2023)"
JSD Enterprises,"J-78, Site-C, Surajpur, Industrial Area, Greater Noida",Uttar Pradesh,E-waste recycler/dismantler,3000,Authorized,"Official CPCB-affiliated national authorization list (user-uploaded PDF, as on 08-06-2023)"
E-Waste Recyclers India,"Unit-3, Khasra No.-266, 110 KM Mile Stone, Tehsil-Chhata, Mathura",Uttar Pradesh,E-waste recycler/dismantler,4800,Authorized,"Official CPCB-affiliated national authorization list (user-uploaded PDF, as on 08-06-2023)"
E-Waste Recyclers India,"E-49, UPSIDC Industrial Area, Kosi Kotwan, Mathura",Uttar Pradesh,E-waste recycler/dismantler,1500,Authorized,"Official CPCB-affiliated national authorization list (user-uploaded PDF, as on 08-06-2023)"
2NDS Computer,"Plot no J-71, J-72, UPSIDC Industrial area, Kosi Kotwan, Mathura",Uttar Pradesh,E-waste recycler/dismantler,600,Authorized,"Official CPCB-affiliated national authorization list (user-uploaded PDF, as on 08-06-2023)"
Sanif Insulation,"Vill-Kakrala, Pargana-Bhokerheri, opp. Sugar Mill Morna, Muzarffarnagar-251316",Uttar Pradesh,E-waste recycler/dismantler,300,Authorized,"Official CPCB-affiliated national authorization list (user-uploaded PDF, as on 08-06-2023)"
Green India E-Waste Recycling,"Khasra no-3, Hapur Road, Vill.-Ruknuddin Urf, Phaphunda, Meerut",Uttar Pradesh,E-waste recycler/dismantler,1440,Authorized,"Official CPCB-affiliated national authorization list (user-uploaded PDF, as on 08-06-2023)"
Ever Green E-Waste Recycling Management,"Vill.-Rampur, Tehsil.-Mahmudabad, Distt.- Sitapur",Uttar Pradesh,E-waste recycler/dismantler,936,Authorized,"Official CPCB-affiliated national authorization list (user-uploaded PDF, as on 08-06-2023)"
Era Green E-Waste Recycling Pvt. Ltd.,"Khasra no-189/2, Plot No.-B-35/1, Vill.-Kunda, Distt.- Meerut",Uttar Pradesh,E-waste recycler/dismantler,9000,Authorized,"Official CPCB-affiliated national authorization list (user-uploaded PDF, as on 08-06-2023)"
A R Computer Scrap,"Plot No.-7, Pillokhari Road near Falak Palace, Meerut",Uttar Pradesh,E-waste recycler/dismantler,6600,Authorized,"Official CPCB-affiliated national authorization list (user-uploaded PDF, as on 08-06-2023)"
Aksha Recycling & Waste Management Pvt. Ltd.,"Khasra no.-876,1193-1195, 7.5 K.M. Jansath Road, Vill.-Sher Nagar, Muzaffarnagar",Uttar Pradesh,E-waste recycler/dismantler,15000,Authorized,"Official CPCB-affiliated national authorization list (user-uploaded PDF, as on 08-06-2023)"
Khekra Fabrication & Recycle Industries Pvt. Ltd.,"Khasra no.-31, Vill-Udairampur Nagla, UPSIDC Asrea, Mussoorie Gulawati Road, Pargan-Dasna, Tehsil-Dhaulana, Hapur-245301",Uttar Pradesh,E-waste recycler/dismantler,1800,Authorized,"Official CPCB-affiliated national authorization list (user-uploaded PDF, as on 08-06-2023)"
Greenwish E-Waste Recyclers,"F-162, Industrial Area, Kosi Kotwan, Extn.-1, Kosi Kalan, Mathura",Uttar Pradesh,E-waste recycler/dismantler,1200,Authorized,"Official CPCB-affiliated national authorization list (user-uploaded PDF, as on 08-06-2023)"
GreenLink Recyclers Pvt. Ltd.,"Khasra no.-1641, Dasna, Kushilya Road, Tehsil-Ghaziabad, distt.-Ghaziabad-201009",Uttar Pradesh,E-waste recycler/dismantler,6000,Authorized,"Official CPCB-affiliated national authorization list (user-uploaded PDF, as on 08-06-2023)"
Cynosure Recycling Private Ltd.,"Khasara No.-64, Vill.-Peeplikhera, Pargana-Sarawa, Meerut-250002 U.P.",Uttar Pradesh,E-waste recycler/dismantler,9000,Authorized,"Official CPCB-affiliated national authorization list (user-uploaded PDF, as on 08-06-2023)"
Reclaim Enviro Pvt. Ltd.,"E.-506, Industrial Area, M.G. Road, Hapur",Uttar Pradesh,E-waste recycler/dismantler,1236,Authorized,"Official CPCB-affiliated national authorization list (user-uploaded PDF, as on 08-06-2023)"
Ecotech Recyclers,"Khasara No.-1049,1050.1051, Vill.-Peeplikhera, Pargana-Sarawa, Meerut",Uttar Pradesh,E-waste recycler/dismantler,4440,Authorized,"Official CPCB-affiliated national authorization list (user-uploaded PDF, as on 08-06-2023)"
Recyclico Waste Management,"Khasra No169 Green Land Industrial Complex, Gram-Dhakpura Tappa Haweli, Badaun, UP - 243638",Uttar Pradesh,E-waste recycler/dismantler,10500,Authorized,"Official CPCB-affiliated national authorization list (user-uploaded PDF, as on 08-06-2023)"
WEEE PRO Resource Recovery Solutions Private Limited,"F-39 UPSIDC Industrial area, Gopalpur, Sikandaradbad, Buland shahar-203001",Uttar Pradesh,E-waste recycler/dismantler,1476,Authorized,"Official CPCB-affiliated national authorization list (user-uploaded PDF, as on 08-06-2023)"
3R Recycler,"Plot No. A-61/1, UPSIDC Industrial Area, Sikandrabad, Bulandshahar - 203202 Uttar Pradesh",Uttar Pradesh,E-waste recycler/dismantler,6600,Authorized,"Official CPCB-affiliated national authorization list (user-uploaded PDF, as on 08-06-2023)"
Attero Recycling Pvt. ltd.,"Kh. No.117, Raipur Industrial Area, Bhagwanpur",Uttarakhand,E-waste recycler/dismantler,144000,Authorized,"Official CPCB-affiliated national authorization list (user-uploaded PDF, as on 08-06-2023)"
Bharat Oil & Waste Management ltd.,"Mauja Mukimpur, Laksar, Haridwar",Uttarakhand,E-waste recycler/dismantler,325,Authorized,"Official CPCB-affiliated national authorization list (user-uploaded PDF, as on 08-06-2023)"
Resource E-Waste Solution Pvt.Ltd.,"F-97, Industrial area, Bhadrabad, Haridwar",Uttarakhand,E-waste recycler/dismantler,2343.06,Authorized,"Official CPCB-affiliated national authorization list (user-uploaded PDF, as on 08-06-2023)"
Anmol Paryavaran Sanrakshan Samiti,"Daulatpur Hazaratpur urf, Budhwasahid, Daulatpur",Uttarakhand,E-waste recycler/dismantler,1200,Authorized,"Official CPCB-affiliated national authorization list (user-uploaded PDF, as on 08-06-2023)"
Starto Metal Recycle plant,"Kh. No-314 Kh, village -Mehvar Khurd, Roorkee",Uttarakhand,E-waste recycler/dismantler,1000,Authorized,"Official CPCB-affiliated national authorization list (user-uploaded PDF, as on 08-06-2023)"
Nayak Enterprises,"Village Dhakia, No. 1, Post Kundeshwari, Tehsil Kashipur, District Udham Singh Nagar, Kashipur, Uttrakhand, 244713",Uttarakhand,E-waste recycler/dismantler,1200,Authorized,"Official CPCB-affiliated national authorization list (user-uploaded PDF, as on 08-06-2023)"
Root Recycling,"Khasra NO. 911, Village Padli Gurjar, Roorkee, Haridwar",Uttarakhand,E-waste recycler/dismantler,2880,Authorized,"Official CPCB-affiliated national authorization list (user-uploaded PDF, as on 08-06-2023)"
Asha Enterprises,"Khasra No. 438/1, Rawli Mehdood, Hpase-2, Gangotri Enclave, Haridwar",Uttarakhand,E-waste recycler/dismantler,120,Authorized,"Official CPCB-affiliated national authorization list (user-uploaded PDF, as on 08-06-2023)"
J.S. Pigments Pvt. ltd,"Vill.+ P.O.-Jarua, P.S.-Polba, Hoogly-712138",West Bengal,E-waste recycler/dismantler,600,Authorized,"Official CPCB-affiliated national authorization list (user-uploaded PDF, as on 08-06-2023)"
Lubrina Recycling Pvt. ltd.,"P.O. Bakrahat, P.S. Bishnupur, Distt.-24 Pgs(S), Pin-743377",West Bengal,E-waste recycler/dismantler,1080,Authorized,"Official CPCB-affiliated national authorization list (user-uploaded PDF, as on 08-06-2023)"
P. U. Steel and Electro Process pvt. Ltd.,"Ruiya Industrial complex P.O. Patuliar PS-Khadar Distt. 24, PGS (N), West Bengal - 750119",West Bengal,E-waste recycler/dismantler,180,Authorized,"Official CPCB-affiliated national authorization list (user-uploaded PDF, as on 08-06-2023)"
Old N Furniture,"323, K.P. Mondal Road, PO & PS Budge Budge, Dist-24 PGS(S), Pin-700137",West Bengal,E-waste recycler/dismantler,180,Authorized,"Official CPCB-affiliated national authorization list (user-uploaded PDF, as on 08-06-2023)"
Bhanu Metal Industries,"Vill. Khamar, P.O.-Rajarhat, P.S.-Rajarhat, Dist. 24, PGS (N)-700135",West Bengal,E-waste recycler/dismantler,600,Authorized,"Official CPCB-affiliated national authorization list (user-uploaded PDF, as on 08-06-2023)"
